id,text,pedagogy,max_wfs,rarest_word,word_count,added_for,register,formality,ogte_level,arc_id
x12_2,"Honestly, I'm not sure.",,2057,honestly,4,honestly|sure,descriptive,n/a,12,1
x12_3,It depends.,,2806,depends,2,depends,descriptive,n/a,12,1
x12_4,"To a certain extent, yes.",,3136,extent,5,extent,descriptive,n/a,12,1
2291596,I agree to a certain extent.,,3136,extent,6,extent,descriptive,n/a,12,1
3008800,That's a safe assumption.,,6168,assumption,4,assumption|safe,descriptive,n/a,12,1
3594117,That's a fair assumption.,,6168,assumption,4,fair,descriptive,n/a,12,1
410787,What's your occupation?,,5053,occupation,3,occupation,direct-address,formal,12,2
x12_5,I work in marketing.,,1714,marketing,4,work|marketing,descriptive,n/a,12,2
5858203,I'm a consultant.,,5651,consultant,3,consultant,descriptive,n/a,12,2
x12_6,How long have you been doing that?,,220,doing,7,long|doing,direct-address,neutral,12,2
x12_7,About five years now.,,328,five,4,five|now,descriptive,n/a,12,2
2852040,What are your qualifications?,,8132,qualifications,4,qualifications,direct-address,formal,12,2
3825787,Our climate is changing.,,1973,climate,4,changing,descriptive,n/a,12,3
4496395,Is climate change really happening?,,1973,climate,5,happening,descriptive,n/a,12,3
x12_8,All the evidence suggests it is.,,3064,suggests,6,evidence|suggests,descriptive,n/a,12,3
5822267,How do you think climate change will affect our lives in the future?,,2490,affect,13,affect|future|lives,direct-address,neutral,12,3
4496386,Global climate change is everybody's problem.,,11060,everybody's,6,everybody's|global,descriptive,n/a,12,3
4494211,Why is history important?,,388,history,4,important|is|why,descriptive,n/a,12,4
3348726,"We can't change history, but we can learn from it.",,687,learn,10,but|can|can't|change|from|it|learn|we,descriptive,n/a,12,4
x12_11,Every period has something to teach us.,,2164,teach,7,period|teach,descriptive,n/a,12,4
37520,Every country has its own history.,,388,history,6,country,descriptive,n/a,12,4
297098,He isn't a history major.,,494,major,5,a|he|isn't|major,descriptive,n/a,12,5
262259,I'm interested in history.,,1180,interested,4,interested,descriptive,n/a,12,6
262258,I have little interest in history.,,684,interest,6,have|in|interest|little,descriptive,n/a,12,6
790045,I study art history.,,544,study,4,art|study,descriptive,n/a,12,6
1360870,Don't trust what he says.,,769,trust,5,says,direct-address,informal,12,7
3825485,I don't trust this data.,,769,trust,5,data,descriptive,n/a,12,8
15844,You can trust him to keep his word.,,769,trust,8,word,direct-address,neutral,12,9
992007,I really trust his ability.,,1144,ability,5,ability|his|really,descriptive,n/a,12,9
3905055,I've decided to trust you.,,835,decided,5,decided|i've,direct-address,neutral,12,10
56493,This history book is written for high school students.,,850,written,9,book|for|high|school|students|this|written,descriptive,n/a,12,11
64961,I want to teach history when I grow up.,,2164,teach,9,grow|when,descriptive,n/a,12,11
5843700,We have no choice but to trust each other.,,851,choice,9,choice|each|no|other,descriptive,n/a,12,12
1318696,I've heard the French version of this song.,,906,version,8,french|heard|song,descriptive,n/a,12,13
2323264,I don't trust anyone except myself.,,1005,except,6,anyone|don't|except|myself,descriptive,n/a,12,14
2544219,I'm asking you to trust me.,,1146,asking,6,asking,direct-address,neutral,12,15
x12_9,Why should I?,,123,why,3,why|should,direct-address,neutral,12,15
3728820,I had to earn your trust.,,3076,earn,6,earn,direct-address,neutral,12,15
1898055,Trust is earned.,,2708,earned,3,earned,descriptive,n/a,12,15
237689,I'm asking you to do this because I trust you.,,1146,asking,10,because|do,direct-address,neutral,12,16
3258111,Do you have fire insurance?,,1214,insurance,5,fire,direct-address,neutral,12,17
4846667,What does your insurance cover?,,1214,insurance,5,cover,direct-address,neutral,12,17
320470,How much is it including insurance and tax?,,1214,insurance,8,including|tax,direct-address,neutral,12,17
1860383,Don't worry. I have insurance.,,1535,worry,5,worry,direct-address,informal,12,17
1624887,Did you see the new commercial?,,1254,commercial,6,did|new|see,direct-address,neutral,12,18
252926,I love that commercial.,,1254,commercial,4,commercial|love|that,descriptive,n/a,12,18
4495998,The conference begins on Monday.,,2360,begins,5,begins|monday,descriptive,n/a,12,19
478193,The conference ended at five.,,1257,ended,5,at|ended|five,descriptive,n/a,12,19
5358578,The conference ends tomorrow.,,1807,ends,4,ends,descriptive,n/a,12,19
22428,There was a convention last month.,,2959,convention,6,convention|there,descriptive,n/a,12,19
887110,She first met him at a conference in Boston.,,2129,boston,9,met,descriptive,n/a,12,19
1853636,Do you have the latest version?,,1263,latest,6,latest,direct-address,neutral,12,20
1272070,I prefer this version.,,2620,prefer,4,prefer,descriptive,n/a,12,20
4500303,Was the new version easy to install?,,5572,install,7,install,direct-address,neutral,12,20
x12_17,It installed without any issues.,,3594,installed,5,installed|issues,descriptive,n/a,12,20
2711715,What is the grand total?,,1294,grand,5,total,descriptive,n/a,12,21
2835624,We're supposed to trust each other.,,1309,supposed,6,supposed,descriptive,n/a,12,22
3413218,Am I supposed to trust you now?,,1309,supposed,7,am|now,direct-address,neutral,12,23
3826942,I trust your advice.,,1370,advice,4,advice,direct-address,neutral,12,24
1276326,I won an award as well.,,1373,award,6,an|as|award|well|won,descriptive,n/a,12,25
2360818,I heard you received an award last month.,,1373,award,8,last|month|received,direct-address,neutral,12,25
17534,You deserve the prize.,,2529,prize,4,deserve,direct-address,neutral,12,25
x12_18,Don't say that — you'll jinx it.,,604,you'll,6,say|jinx,direct-address,informal,12,25
1396339,I'm surprised that you won the prize.,,2529,prize,7,surprised,direct-address,neutral,12,25
4496416,Things eventually changed.,,1382,eventually,3,changed|eventually|things,descriptive,n/a,12,26
24607,Everything eventually gets easier with practice.,,1775,easier,6,easier|everything|gets|practice,descriptive,n/a,12,26
2540181,I'd have figured it out eventually.,,3653,figured,6,figured,descriptive,n/a,12,26
x12_19,We just have to be patient.,,1754,patient,6,patient,descriptive,n/a,12,26
4016042,Everybody dies eventually.,,3519,dies,3,dies,descriptive,n/a,12,26
2544966,I was eventually released.,,1382,eventually,4,released,descriptive,n/a,12,27
4497278,All the patients eventually died.,,1382,eventually,5,patients,descriptive,n/a,12,28
3820365,I trust the teacher.,,1399,teacher,4,teacher,descriptive,n/a,12,29
16189,What do you base your theory on?,,1400,theory,7,base,direct-address,neutral,12,30
17278,I think your basic theory is wrong.,,1400,theory,7,basic,direct-address,neutral,12,30
253680,I can't accept this theory.,,1461,accept,5,accept,descriptive,n/a,12,30
x12_22,But it explains the data.,,3460,explains,5,explains|data,descriptive,n/a,12,30
3150409,Are you buying that theory?,,1798,buying,5,buying,direct-address,neutral,12,30
5191964,I've had three operations.,,1421,operations,4,had|operations,descriptive,n/a,12,31
953343,How many operations has Dr. Jackson performed this month?,,2565,jackson,9,dr|jackson|many|performed,direct-address,neutral,12,31
2549262,This is critical.,,1545,critical,3,critical,descriptive,n/a,12,32
295036,He was in critical condition.,,1545,critical,5,condition,descriptive,n/a,12,32
3823487,It's a complex issue.,,1437,complex,4,issue,descriptive,n/a,12,32
5288611,Human relationships are complex.,,2106,relationships,4,human|relationships,descriptive,n/a,12,32
5288084,Human relationships are very complex.,,2106,relationships,5,very,descriptive,n/a,12,32
5541469,One of the most urgent challenges of our time is climate change.,,5524,urgent,12,challenges|most|urgent,descriptive,n/a,12,32
5189173,You'll eventually get used to the heat.,,1444,heat,7,get|heat|used|you'll,direct-address,neutral,12,33
5189126,I suppose I'll get used to this eventually.,,2683,suppose,8,eventually|get|i|i'll|suppose|this|to|used,descriptive,n/a,12,33
2375816,I knew you'd show up eventually.,,1573,you'd,6,show,direct-address,informal,12,33
58303,This library has a large collection of Chinese books.,,1447,library,9,chinese|large|library,descriptive,n/a,12,34
2897068,Where is the librarian?,,11441,librarian,4,librarian,direct-address,neutral,12,34
16901,Your comic books are on the shelf.,,6736,shelf,7,are|books|comic|on|shelf|the|your,direct-address,neutral,12,34
1525585,I grabbed a book off the shelf.,,6736,shelf,7,shelf,descriptive,n/a,12,34
2376643,I know you'll find happiness eventually.,,3337,happiness,6,happiness,direct-address,neutral,12,35
x12_20,I hope you're right.,,338,hope,4,hope|right,direct-address,neutral,12,35
4380768,"I tried to keep up with them, but eventually I fell behind.",,1471,fell,12,behind|fell|keep|them|tried|up|with,descriptive,n/a,12,35
954483,"We'll eventually find a solution to this problem, I think.",,1524,solution,10,find|problem|solution|we'll,descriptive,n/a,12,35
326120,The history class starts at nine.,,1565,starts,6,class|nine|starts,descriptive,n/a,12,36
4135112,We had a traditional church wedding.,,1572,wedding,6,church|traditional|wedding,descriptive,n/a,12,37
x12_24,Where was the reception?,,4801,reception,4,where|reception,direct-address,neutral,12,37
2547411,How was the reception?,,4801,reception,4,reception,direct-address,neutral,12,37
322896,Everybody who is anybody was present at the reception.,,4801,reception,9,present,descriptive,n/a,12,37
4665746,That budget isn't yet final.,,1579,budget,5,final|yet,descriptive,n/a,12,38
276676,No one will vote for the budget.,,1579,budget,7,vote,descriptive,n/a,12,38
4496190,My budget is tight.,,2629,tight,4,tight,descriptive,n/a,12,38
3826001,We're on a tight budget.,,2629,tight,5,a|budget|on|tight|we're,descriptive,n/a,12,38
324694,The budget must be balanced.,,5194,balanced,5,balanced,descriptive,n/a,12,38
4496189,Budget cuts are needed.,,3446,cuts,4,cuts|needed,descriptive,n/a,12,38
2548711,I'm in real estate.,,1581,estate,4,estate|real,descriptive,n/a,12,39
4502368,We have 13 retail stores.,,2736,retail,4,retail|stores,descriptive,n/a,12,39
4850092,I'm a bank employee.,,2963,employee,4,bank|employee,descriptive,n/a,12,39
256984,I'm a bank clerk.,,6858,clerk,4,clerk,descriptive,n/a,12,39
312360,She was formerly a bank clerk.,,6858,clerk,6,formerly,descriptive,n/a,12,39
49056,The company provides health care and life insurance benefits for all of its employees.,,1656,provides,14,all|and|benefits|care|company|health|its|life|provides,descriptive,n/a,12,40
4902783,They treat their employees well.,,1829,treat,5,treat,descriptive,n/a,12,40
2048410,They're part-time employees.,,1617,employees,4,part|they're|time,descriptive,n/a,12,40
x12_16,We're hiring a few more next month.,,4777,hiring,7,hiring|more,descriptive,n/a,12,40
5591231,We have a great group of employees.,,1617,employees,7,group,descriptive,n/a,12,40
5619599,We haven't laid off any employees yet.,,2665,laid,7,any|haven't|laid|off,descriptive,n/a,12,40
4902781,Our company has thirty employees.,,3749,thirty,5,company|employees|has|our|thirty,descriptive,n/a,12,40
6041,How come you know so much about Japanese history?,,1624,japanese,9,about|come|japanese|know|much|so,direct-address,informal,12,41
x12_12,It's been a hobby of mine for years.,,7470,hobby,8,hobby|mine,descriptive,n/a,12,41
3446907,You're in your prime.,,1627,prime,4,prime,direct-address,informal,12,42
1545877,It's a matter of national pride.,,3052,pride,6,matter|national,descriptive,n/a,12,43
273797,The nation as a whole is in favor of political reform.,,2831,reform,11,nation|political|reform,descriptive,n/a,12,43
6098777,Aren't you still politically active?,,6328,politically,5,active|aren't|politically,direct-address,neutral,12,43
1318674,The Prime Minister will hold a press conference tomorrow.,,1627,prime,9,hold|press|tomorrow|will,descriptive,n/a,12,43
4422209,Somebody told me that I shouldn't trust you.,,1660,somebody,8,told,direct-address,informal,12,44
1886673,What's your greatest fear?,,1679,greatest,4,fear,direct-address,neutral,12,45
x12_25,Failing those who depend on me.,,5028,depend,6,failing|depend,descriptive,n/a,12,45
1553320,What is your greatest strength?,,1679,greatest,5,strength,direct-address,neutral,12,45
1553319,What is your greatest weakness?,,5184,weakness,5,weakness,direct-address,neutral,12,45
296075,He is the greatest living artist.,,1679,greatest,6,artist,descriptive,n/a,12,45
4499847,My mom's the greatest.,,8865,mom's,4,mom's,descriptive,n/a,12,45
2243258,They mean trouble.,,1692,trouble,3,mean,descriptive,n/a,12,46
4496001,Trouble began immediately.,,1692,trouble,3,immediately,descriptive,n/a,12,46
2644166,You're in serious trouble.,,1692,trouble,4,serious,direct-address,informal,12,46
54876,Try to avoid making any more trouble.,,1692,trouble,7,avoid,direct-address,neutral,12,46
954467,We had a little trouble with the equipment yesterday.,,1692,trouble,9,equipment,descriptive,n/a,12,47
2751083,Did you have any trouble keeping up with the others?,,1692,trouble,10,keeping,direct-address,neutral,12,48
4132847,I had trouble finding my way back to my hotel last night.,,1692,trouble,12,finding|hotel,descriptive,n/a,12,49
2042850,Maybe eventually you'll decide you don't want to live here anymore.,,1700,decide,11,decide|here|live|maybe,direct-address,informal,12,50
3610556,Thank you for helping me keep out of trouble.,,1707,helping,9,helping|out|thank,direct-address,neutral,12,51
4012269,Have you been staying out of trouble?,,2743,staying,7,been|staying,direct-address,neutral,12,51
3264719,That's hardly a new concept.,,2811,hardly,5,hardly,descriptive,n/a,12,52
4495593,The concept is amazing.,,1736,concept,4,amazing,descriptive,n/a,12,52
2293249,I assume you're familiar with this concept.,,2591,assume,7,assume|familiar,direct-address,neutral,12,52
x12_23,"I've heard of it, yes.",,532,heard,5,heard|of,descriptive,n/a,12,52
898557,Some people have trouble getting their dogs to eat dog food.,,1739,dogs,11,dog|dogs|eat|food|getting|people|their,descriptive,n/a,12,53
2004798,He has no trouble climbing trees.,,5733,climbing,6,climbing|trees,descriptive,n/a,12,53
4495991,Beginners always have trouble doing this.,,12236,beginners,6,beginners,descriptive,n/a,12,53
42202,It's neither good nor bad.,,1752,neither,5,bad|good|neither,descriptive,n/a,12,54
5915933,I'm neither rich nor famous.,,1752,neither,5,famous|rich,descriptive,n/a,12,55
3737807,Could you lower the volume a little?,,1791,volume,7,lower,direct-address,neutral,12,56
4529717,Will I receive financial aid?,,1793,aid,5,aid|receive,direct-address,neutral,12,57
1655635,It's a cultural thing.,,1804,cultural,4,cultural|thing,descriptive,n/a,12,58
3071758,I don't trust this driver.,,1806,driver,5,driver,descriptive,n/a,12,59
2763252,Put your weapons on the ground!,,1833,weapons,6,ground,direct-address,formal,12,60
2886590,Throw out your weapon.,,2790,weapon,4,throw,direct-address,informal,12,60
3636400,Did you bring a weapon?,,2790,weapon,5,bring,direct-address,neutral,12,60
4872449,Is that weapon loaded?,,4610,loaded,4,loaded,direct-address,neutral,12,60
1937702,No one uses that kind of weapon anymore.,,2790,weapon,8,uses,descriptive,n/a,12,60
319450,It's against the law to carry weapons.,,1833,weapons,7,against,descriptive,n/a,12,60
4497343,No weapons were discovered.,,1839,discovered,4,discovered|were,descriptive,n/a,12,60
659328,The army had plenty of weapons.,,1942,plenty,6,army|plenty,descriptive,n/a,12,60
2944654,The export of arms was not allowed.,,4678,export,7,allowed|arms|export,descriptive,n/a,12,60
3905131,I figured I could trust you.,,3653,figured,6,could|figured|i|trust|you,direct-address,informal,12,61
1933612,I appreciate the trust you've shown in me.,,1836,appreciate,8,appreciate|shown,direct-address,formal,12,61
2247415,I smell trouble.,,3060,smell,3,smell,descriptive,n/a,12,62
3732922,This smells like trouble.,,6540,smells,4,smells,descriptive,n/a,12,62
3732923,That smells like trouble.,,6540,smells,4,like|smells|that|trouble,descriptive,n/a,12,62
2925231,You're the one causing all the trouble.,,2801,causing,7,causing,direct-address,informal,12,62
2821201,We need to be prepared for trouble.,,1858,prepared,7,be|prepared,descriptive,n/a,12,62
387453,We can't trust him because he often tells lies.,,1889,lies,9,lies|often|tells,descriptive,n/a,12,63
5916455,I've hired an assistant.,,3527,hired,4,hired,descriptive,n/a,12,64
5939657,I hired an assistant.,,3527,hired,4,an|assistant|hired|i,descriptive,n/a,12,64
2542966,I'm no longer your assistant.,,1911,assistant,5,longer,direct-address,neutral,12,64
1315783,He trusts his assistant quite a lot.,,9003,trusts,7,quite|trusts,descriptive,n/a,12,64
2406817,I submitted the application myself.,,4128,submitted,5,application|submitted,descriptive,n/a,12,64
4501593,What are their qualifications?,,8132,qualifications,4,are|qualifications|their|what,descriptive,n/a,12,64
5852940,I have trouble making decisions.,,1916,decisions,5,decisions|making,descriptive,n/a,12,65
4016656,What's the emergency code?,,1918,emergency,4,code,direct-address,neutral,12,66
2331574,I had a family emergency.,,1918,emergency,5,family,descriptive,n/a,12,66
3114021,What's the nature of your emergency?,,1918,emergency,6,nature,direct-address,formal,12,66
18803,"In case of an emergency, get in touch with my agent.",,1918,emergency,11,agent|case|touch,direct-address,formal,12,66
1890971,I'm declaring an emergency.,,8712,declaring,4,declaring,descriptive,n/a,12,66
450773,Where is the emergency exit?,,3892,exit,5,exit,direct-address,neutral,12,66
5136924,Please be prepared for emergencies.,,11772,emergencies,5,emergencies,direct-address,formal,12,66
2954481,"You don't entirely trust us, do you?",,1920,entirely,7,entirely,direct-address,neutral,12,67
2953230,My car needs a brake job.,,7347,brake,6,car|needs,descriptive,n/a,12,68
4663760,One of your brake lights is burned out.,,7347,brake,8,lights,direct-address,neutral,12,68
1860708,Hit the brakes.,,7845,brakes,3,brakes|hit,direct-address,informal,12,68
2523399,The brakes didn't work.,,7845,brakes,4,brakes|didn't|the|work,descriptive,n/a,12,68
4496165,My fuel line broke.,,1925,fuel,4,broke|fuel|line,descriptive,n/a,12,68
4915855,This car gets good gas mileage.,,10860,mileage,6,mileage,descriptive,n/a,12,68
3017152,My car gets pretty good gas mileage.,,10860,mileage,7,car|gas|gets|good|mileage|my|pretty,descriptive,n/a,12,68
2646022,My car's in the garage.,,12604,car's,5,car's,descriptive,n/a,12,68
251872,"Turn toward me, please.",,1953,toward,4,please|toward,direct-address,formal,12,69
3071614,Let's walk toward town.,,1953,toward,4,let's|town|walk,direct-address,informal,12,70
2251069,That's fantastic news.,,1978,fantastic,3,news,descriptive,n/a,12,71
4494168,The weather was fantastic.,,1978,fantastic,4,weather,descriptive,n/a,12,71
3310950,We're having a mild winter.,,5842,mild,5,mild|winter,descriptive,n/a,12,71
57666,This winter has been mild.,,5842,mild,5,been|has|mild|this|winter,descriptive,n/a,12,71
2360660,I have trouble sleeping.,,2682,sleeping,4,sleeping,descriptive,n/a,12,72
5042076,I have trouble talking about my feelings.,,1979,feelings,7,feelings|talking,descriptive,n/a,12,72
2540934,I'm having trouble concentrating.,,11888,concentrating,4,concentrating,descriptive,n/a,12,72
4400802,I never have trouble falling asleep.,,3815,asleep,6,asleep|falling,descriptive,n/a,12,72
2042617,Do you want to work at a hamburger joint all your life?,,13110,hamburger,12,hamburger,direct-address,neutral,12,73
306371,They agreed on a joint statement.,,1985,joint,6,agreed|joint|statement,descriptive,n/a,12,73
33116,Would you mind turning down the volume?,,2006,turning,7,down|mind|turning|would,direct-address,formal,12,74
1399667,The border is closed.,,2012,border,4,border|closed,descriptive,n/a,12,75
2641790,We're three hours from the border.,,2012,border,6,hours,descriptive,n/a,12,75
5529402,We have to protect our border.,,2012,border,6,protect,descriptive,n/a,12,75
4016909,How long will it be before we cross the border?,,2012,border,10,cross,direct-address,neutral,12,75
1471363,They crossed the border.,,3885,crossed,4,crossed,descriptive,n/a,12,75
3826164,They've crossed the border.,,3885,crossed,4,they've,descriptive,n/a,12,75
3820608,Canada borders the United States.,,4506,borders,5,borders|canada|states|united,descriptive,n/a,12,75
2821330,We're nowhere near the border.,,3601,nowhere,5,nowhere,descriptive,n/a,12,75
270158,Don't judge people by their appearance.,,2040,appearance,6,by|judge,direct-address,informal,12,76
982618,We shouldn't judge people based on their appearance.,,2040,appearance,8,based,descriptive,n/a,12,76
2285817,Don't let appearances fool you.,,5965,appearances,5,appearances,direct-address,neutral,12,76
2275174,Don't be fooled by appearances.,,11320,fooled,5,fooled,direct-address,neutral,12,76
3826374,I don't trust banks.,,2043,banks,4,banks,descriptive,n/a,12,77
51806,Spanish is her native language.,,2064,native,5,spanish,descriptive,n/a,12,78
296165,He returned to his native village.,,2064,native,6,returned|village,descriptive,n/a,12,78
2113398,"He was raised in the United States, but his native language is Japanese.",,2064,native,13,raised,descriptive,n/a,12,78
6125998,I'm assuming French isn't your native language.,,4739,assuming,7,assuming,direct-address,neutral,12,78
x12_29,It isn't — I'm originally from Brazil.,,2550,brazil,6,originally|brazil,descriptive,n/a,12,78
6106025,"I understand French fairly well when I read it, but I have trouble understanding spoken French.",,3308,spoken,16,spoken|understanding,descriptive,n/a,12,78
680196,Do you like ancient history?,,2081,ancient,5,ancient,direct-address,neutral,12,79
x12_13,"Yes, especially the Romans.",,7708,romans,4,especially|romans,descriptive,n/a,12,79
29419,The history of Rome is very interesting.,,3304,rome,7,interesting|rome,descriptive,n/a,12,79
319121,My father is interested in ancient history.,,2081,ancient,7,father,descriptive,n/a,12,80
3825048,I never use illegal drugs.,,2097,illegal,5,drugs,descriptive,n/a,12,81
5071285,"Of course, this is illegal.",,2097,illegal,5,course,descriptive,n/a,12,81
4900672,You weren't doing anything illegal.,,2120,weren't,5,doing|weren't,direct-address,informal,12,81
3735786,I don't engage in illegal activities.,,3831,engage,6,activities|engage,descriptive,n/a,12,81
318838,My father is paying back a huge loan on our home.,,2100,loan,11,huge|paying,descriptive,n/a,12,82
1808129,Can we save the planet?,,2105,planet,5,planet|save,direct-address,neutral,12,83
2404161,I revised my theory.,,5606,revised,4,revised,descriptive,n/a,12,84
1293182,He stuck with his own theory.,,2113,stuck,6,own|stuck,descriptive,n/a,12,84
4494103,There are several theories.,,4902,theories,4,several|theories,descriptive,n/a,12,84
2358715,I have a few theories.,,4902,theories,5,a|few|have|i|theories,descriptive,n/a,12,84
3737808,What's the golden rule?,,2137,golden,4,golden|rule,direct-address,neutral,12,85
3170757,A white van pulled up outside the house.,,2153,pulled,8,house|outside|pulled|white,descriptive,n/a,12,86
2360329,I have some information regarding this.,,2154,regarding,6,information|regarding,descriptive,n/a,12,87
258475,I neither smoke nor drink.,,2162,smoke,5,drink|smoke,descriptive,n/a,12,88
319057,My father seldom smokes.,,13153,smokes,4,smokes,descriptive,n/a,12,88
251642,My father neither smokes nor drinks.,,13153,smokes,6,drinks,descriptive,n/a,12,88
25891,Smoking is harmful to your health.,,7171,harmful,6,harmful|smoking,direct-address,neutral,12,88
4495420,Child abuse is a crime.,,2171,abuse,5,abuse|child|crime,descriptive,n/a,12,89
4529754,That's an abuse of authority.,,2171,abuse,5,authority,descriptive,n/a,12,90
2202807,You're emotional.,,2180,emotional,2,emotional,direct-address,neutral,12,91
2218482,You're very emotional.,,2180,emotional,3,emotional|very|you're,direct-address,neutral,12,91
2202891,We're frightened.,,9653,frightened,2,frightened,descriptive,n/a,12,91
1293040,She'd never been so frightened.,,9653,frightened,5,she'd,descriptive,n/a,12,91
5057507,This is a great facility.,,2464,facility,5,facility|great,descriptive,n/a,12,92
2082274,Our town has excellent sports facilities.,,2183,facilities,6,excellent|facilities|sports,descriptive,n/a,12,92
63324,A fox is a wild animal.,,2185,fox,6,animal,descriptive,n/a,12,93
249505,We tried to trap the fox.,,4069,trap,6,trap,descriptive,n/a,12,93
544111,They trapped the fox.,,5180,trapped,4,trapped,descriptive,n/a,12,93
x12_34,"It got away, though.",,291,though,4,got|away,descriptive,n/a,12,93
305596,They hunted foxes.,,13450,foxes,3,foxes|hunted,descriptive,n/a,12,93
425812,Foxes are wild animals.,,13450,foxes,4,animals|wild,descriptive,n/a,12,93
42268,That's altogether wrong.,,6164,altogether,3,altogether,descriptive,n/a,12,94
2450049,This is altogether different.,,6164,altogether,4,different,descriptive,n/a,12,94
4664154,This contract is totally ridiculous.,,3229,ridiculous,5,contract|totally,descriptive,n/a,12,94
4496733,What a ridiculous comparison!,,3229,ridiculous,4,comparison,descriptive,n/a,12,94
4493965,The difference is substantial.,,4065,substantial,4,difference|substantial,descriptive,n/a,12,94
4493799,These kinds of problems are relatively rare.,,2925,kinds,7,kinds|rare|these,descriptive,n/a,12,94
4012188,It's relatively simple to use.,,2209,relatively,5,simple|use,descriptive,n/a,12,94
6451950,The exam was relatively easy.,,4523,exam,5,exam,descriptive,n/a,12,94
5109262,We all need to live life to the fullest.,,12766,fullest,9,fullest,descriptive,n/a,12,94
1801782,I lack confidence.,,2227,confidence,3,confidence|lack,descriptive,n/a,12,95
4666948,Don't lose confidence.,,2227,confidence,3,lose,direct-address,neutral,12,95
4502488,It just takes confidence.,,2227,confidence,4,takes,descriptive,n/a,12,95
2291583,I admire your confidence.,,7131,admire,4,admire,direct-address,neutral,12,95
4496076,They should blame themselves.,,2310,blame,4,themselves,descriptive,n/a,12,96
50576,Don't blame the guide.,,2310,blame,4,guide,direct-address,neutral,12,97
4666281,Both parties are to blame.,,2310,blame,5,parties,descriptive,n/a,12,97
4666698,Both sides are to blame.,,2310,blame,5,sides,descriptive,n/a,12,97
71300,I can't blame you for breaking your promise.,,2310,blame,8,breaking|promise,direct-address,neutral,12,97
325569,I don't blame you for putting off our trip.,,2310,blame,9,putting,direct-address,neutral,12,97
3735022,Be careful not to blame the wrong person.,,2499,careful,8,careful|person|wrong,direct-address,neutral,12,97
3330504,I don't blame you for not wanting to go.,,3072,wanting,9,go|wanting,direct-address,neutral,12,97
2057804,I certainly don't blame you.,,2310,blame,5,certainly,direct-address,neutral,12,98
4664884,Don't blame me for what happens.,,2310,blame,6,happens,direct-address,neutral,12,99
5916627,I've filed for divorce.,,3828,divorce,4,divorce,descriptive,n/a,12,100
4496862,I'm seriously considering filing for divorce.,,6393,filing,6,considering|filing|seriously,descriptive,n/a,12,100
x12_41,Are you sure that's what you want?,,197,sure,7,sure|want,direct-address,neutral,12,100
2057847,The boss is looking for someone to blame.,,2310,blame,8,boss|looking,descriptive,n/a,12,100
3905051,I was a fool to trust you.,,4312,fool,7,fool,direct-address,neutral,12,100
2718561,I should've known not to trust you.,,6029,should've,7,known,direct-address,informal,12,100
549979,I don't blame you for the accident. It wasn't your fault.,,2310,blame,11,accident|fault,direct-address,neutral,12,101
464739,Bob became a minister.,,2311,bob,4,became|bob,descriptive,n/a,12,102
1887332,I had a vision.,,2354,vision,4,vision,descriptive,n/a,12,103
3725649,I just had a vision.,,2354,vision,5,a|had|i|just|vision,descriptive,n/a,12,103
28526,I had a nightmare.,,5143,nightmare,4,a|had|i|nightmare,descriptive,n/a,12,103
6098516,My worst nightmare is coming true.,,5143,nightmare,6,true|worst,descriptive,n/a,12,103
4500094,I have nightmares.,,9783,nightmares,3,nightmares,descriptive,n/a,12,103
1449175,Do you have nightmares?,,9783,nightmares,4,do|have|nightmares|you,direct-address,neutral,12,103
5618992,We have nobody to blame but ourselves.,,2381,ourselves,7,nobody|ourselves,descriptive,n/a,12,104
530769,He sat next to the stream.,,2387,stream,6,next|sat|stream,descriptive,n/a,12,105
300675,He sat at the edge of the stream.,,2387,stream,8,edge,descriptive,n/a,12,105
4251097,I'm not trying to stir up trouble. I'm just telling you what I heard.,,7311,stir,14,telling,direct-address,neutral,12,106
2248980,It'll cause trouble.,,2564,it'll,3,cause|it'll,descriptive,n/a,12,106
2252630,There'll be trouble.,,13494,there'll,3,there'll,descriptive,n/a,12,106
3722519,I'm in desperate trouble.,,4090,desperate,4,desperate,descriptive,n/a,12,106
17402,You'll get into trouble if your girlfriend finds out the truth.,,2423,finds,11,finds|girlfriend|into|truth,direct-address,informal,12,106
1187881,I spoke with the minister myself.,,2445,spoke,6,spoke,descriptive,n/a,12,107
2251270,That's the maximum.,,2471,maximum,3,maximum,descriptive,n/a,12,108
306197,They offered assistance.,,2494,assistance,3,offered,descriptive,n/a,12,109
1069870,I need medical assistance.,,2494,assistance,4,medical,descriptive,n/a,12,110
895418,Can we provide assistance?,,2494,assistance,4,provide,direct-address,neutral,12,111
2951767,Do you require any further assistance?,,2494,assistance,6,further,direct-address,formal,12,112
296986,He won the third prize.,,2529,prize,5,third,descriptive,n/a,12,113
73468,Ten teams competed for the prize.,,12378,competed,6,competed|teams,descriptive,n/a,12,113
252480,I competed with him for the first prize.,,12378,competed,8,competed|first|for|him|i|prize|the|with,descriptive,n/a,12,113
308355,She stands a good chance of winning the prize.,,2529,prize,9,chance|stands|winning,descriptive,n/a,12,113
3733998,This is a typical blog.,,2542,typical,5,typical,descriptive,n/a,12,114
3575468,"Hey, I need a favor.",,2556,favor,5,hey,direct-address,informal,12,115
3568475,Can you do me a tiny favor?,,2556,favor,7,tiny,direct-address,informal,12,115
4015958,Can I ask a small personal favor?,,2556,favor,7,personal|small,direct-address,neutral,12,115
272500,May I ask a very special favor of you?,,2556,favor,9,special,direct-address,formal,12,115
40090,I was wondering if you could do me a favor.,,2849,wondering,10,could|wondering,direct-address,formal,12,115
51470,"Excuse me, could you spare me a few minutes? I have a favor to ask you.",,4422,spare,16,ask|excuse|few|minutes|spare,direct-address,formal,12,115
x12_32,Of course — what is it?,,335,course,5,of|course|what,direct-address,neutral,12,115
2389600,I owe you a favor.,,5693,owe,5,owe,direct-address,neutral,12,116
3331080,You owe me a favor.,,5693,owe,5,a|favor|me|owe|you,direct-address,neutral,12,116
2389541,I only wish I could return the favor.,,2556,favor,8,return,descriptive,n/a,12,116
3822679,"Anytime you need a favor, call me.",,5093,anytime,7,anytime|call,direct-address,neutral,12,116
2275197,Don't do me any favors.,,9651,favors,5,favors,direct-address,informal,12,116
2275200,Don't do us any favors.,,9651,favors,5,any|do|don't|favors|us,direct-address,informal,12,116
5672596,Can you frame this picture?,,2558,frame,5,frame|picture,direct-address,neutral,12,117
5672599,Can you frame this picture for me?,,2558,frame,7,can|for|frame|me|picture|this|you,direct-address,neutral,12,118
480228,Today is Independence Day.,,2562,independence,4,day|independence|today,descriptive,n/a,12,119
4999926,I love my independence.,,2562,independence,4,i|independence|love|my,descriptive,n/a,12,119
312240,She's still dependent on her parents.,,4374,dependent,6,dependent|parents,descriptive,n/a,12,119
67672,Don't be too dependent on others.,,4374,dependent,6,others,direct-address,neutral,12,119
3311973,We'll load the van.,,2567,load,4,load,descriptive,n/a,12,120
2953731,We need to replace the whole unit.,,2573,replace,7,replace|unit,descriptive,n/a,12,121
2057871,You're just trying to shift blame away from yourself.,,2624,shift,9,away|shift|trying|yourself,direct-address,informal,12,122
3311105,We're counting on you for financial help.,,4446,counting,7,counting|help,direct-address,neutral,12,123
4499933,I have storage space.,,2626,storage,4,space|storage,descriptive,n/a,12,123
5434211,This is the storage room.,,2626,storage,5,room,descriptive,n/a,12,123
1210696,The government should invest more money in agriculture.,,4106,invest,8,government|invest|money|should,descriptive,n/a,12,124
4905006,I'm not a financial expert.,,2657,expert,5,expert,descriptive,n/a,12,124
4529569,I need a good financial adviser.,,7444,adviser,6,adviser,descriptive,n/a,12,124
2247990,I'm financially secure.,,7068,financially,3,financially|secure,descriptive,n/a,12,124
295716,He became financially independent.,,7068,financially,4,independent,descriptive,n/a,12,124
1221641,We helped him financially.,,7068,financially,4,helped,descriptive,n/a,12,124
5858994,I'm watching golf.,,2659,golf,3,watching,descriptive,n/a,12,125
1954888,I can't stand golf.,,2659,golf,4,stand,descriptive,n/a,12,126
5829204,I'm a golfer.,,14211,golfer,3,golfer,descriptive,n/a,12,127
251378,My son wants to be a professional golfer.,,14211,golfer,8,professional|son|wants,descriptive,n/a,12,127
1316498,He played golf every day during his vacation.,,3626,vacation,8,during|played|vacation,descriptive,n/a,12,127
70206,When did you begin playing golf?,,2659,golf,6,begin,direct-address,neutral,12,127
3315278,It's no bigger than a golf ball.,,2659,golf,7,ball|bigger,descriptive,n/a,12,127
3150479,Where did you buy your golf clubs?,,2907,clubs,7,buy|clubs,direct-address,neutral,12,127
2057840,"I have only myself to blame, I suppose.",,2683,suppose,8,only|suppose,descriptive,n/a,12,128
59936,Let me tell you about the origin of this school.,,2726,origin,10,let|origin|tell,direct-address,neutral,12,129
2249749,Open the panel.,,2728,panel,3,open|panel,direct-address,neutral,12,130
2305020,I like your personality.,,2729,personality,4,personality,direct-address,neutral,12,131
2805875,He has a split personality.,,2729,personality,5,split,descriptive,n/a,12,131
4493576,People have different personalities.,,7912,personalities,4,personalities,descriptive,n/a,12,131
3396449,Do you trust my judgment?,,4393,judgment,5,do|judgment|my|trust|you,direct-address,neutral,12,132
x12_10,"I do, most of the time.",,102,most,6,most|time,descriptive,n/a,12,132
260959,I have absolute trust in him.,,2749,absolute,6,absolute,descriptive,n/a,12,132
1717371,Have you ever driven a van?,,2766,driven,6,driven|ever,direct-address,neutral,12,133
1369530,"Eventually, he forgot about the incident.",,2774,incident,6,forgot|incident,descriptive,n/a,12,134
2249762,Pick a weapon.,,2790,weapon,3,pick,direct-address,informal,12,135
3498699,Are you really a princess?,,2827,princess,5,princess,direct-address,neutral,12,136
x12_38,Only in my dreams.,,2512,dreams,4,only|dreams,descriptive,n/a,12,136
2245528,Grab a seat.,,2872,grab,3,seat,direct-address,informal,12,137
2245532,Grab your stuff.,,2872,grab,3,stuff,direct-address,informal,12,138
2007633,Let's go grab a burger.,,6179,burger,5,burger,direct-address,informal,12,139
3422350,Let's go grab a cup of coffee.,,2872,grab,7,coffee|cup,direct-address,informal,12,139
2012618,Do you want to grab dinner?,,2872,grab,6,dinner,direct-address,informal,12,139
2007368,Let's go grab a bite somewhere.,,4150,bite,6,somewhere,direct-address,informal,12,139
2210720,Why don't you go grab us a couple of beers?,,7839,beers,10,beers|couple,direct-address,informal,12,139
5828974,I'm a pilot.,,2879,pilot,3,pilot,descriptive,n/a,12,140
5633158,I know lots of pilots.,,5765,pilots,5,lots,descriptive,n/a,12,140
3636118,I'm a private investigator.,,8621,investigator,4,investigator|private,descriptive,n/a,12,140
3830652,You're a smart investigator.,,8621,investigator,4,smart,direct-address,neutral,12,140
3183457,This is your pilot speaking.,,2879,pilot,5,speaking,direct-address,formal,12,141
x12_35,We'll be landing shortly.,,3596,landing,4,landing|shortly,descriptive,n/a,12,141
4015831,Which airline do you work for?,,6463,airline,6,airline,direct-address,neutral,12,141
3820542,I can't cope with stress.,,6480,cope,5,stress,descriptive,n/a,12,142
2891361,How will they cope?,,6480,cope,4,cope,descriptive,n/a,12,142
4666488,How have you been coping?,,10114,coping,5,coping,direct-address,neutral,12,142
3165731,I just need to blow off some steam.,,2893,steam,8,blow|steam,descriptive,n/a,12,142
2543186,I was just blowing off steam.,,5011,blowing,6,blowing,descriptive,n/a,12,142
2545267,I'm trying to compensate.,,9140,compensate,4,compensate,descriptive,n/a,12,142
5254553,I've got other commitments.,,9035,commitments,4,commitments,descriptive,n/a,12,142
5842767,How did you get into comedy?,,2908,comedy,6,comedy,direct-address,neutral,12,143
x12_37,I started doing open mics in college.,,528,college,7,started|college,descriptive,n/a,12,143
253768,I love comedies.,,14706,comedies,3,comedies,descriptive,n/a,12,143
1397759,Mary likes romantic comedies.,,14706,comedies,4,comedies|likes|mary|romantic,descriptive,n/a,12,143
6026904,I think golf is boring to watch.,,3382,boring,7,boring|watch,descriptive,n/a,12,143
295016,He was exposed to danger.,,2919,exposed,5,danger|exposed,descriptive,n/a,12,144
5679763,Children seek approval from their parents.,,2952,approval,6,seek,descriptive,n/a,12,145
3417734,I won't hire anyone without your approval.,,3590,hire,7,without,direct-address,neutral,12,145
2044406,I'm fairly happy.,,2968,fairly,3,fairly|happy,descriptive,n/a,12,146
2249076,It's fairly accurate.,,2968,fairly,3,accurate,descriptive,n/a,12,147
1983993,It was fairly funny.,,2968,fairly,4,funny,descriptive,n/a,12,148
242917,It's fairly warm today.,,2968,fairly,4,warm,descriptive,n/a,12,149
4999918,I've been fairly lucky.,,2968,fairly,4,lucky,descriptive,n/a,12,150
4495439,Either is acceptable.,,4433,acceptable,3,either,descriptive,n/a,12,151
3142433,Are these conditions acceptable to you?,,4433,acceptable,6,conditions,direct-address,neutral,12,151
4127579,A book is always an acceptable gift.,,4433,acceptable,7,gift,descriptive,n/a,12,151
3324713,That's a fairly reasonable price.,,2968,fairly,5,price|reasonable,descriptive,n/a,12,151
4846737,It should be fairly obvious.,,2968,fairly,5,obvious,descriptive,n/a,12,151
3733524,It was a fairly hot debate.,,2968,fairly,6,debate,descriptive,n/a,12,152
2046871,The bar is fairly busy this evening.,,2968,fairly,7,bar,descriptive,n/a,12,153
2358698,I have a fairly good idea what needs to be done.,,2968,fairly,11,done|idea,descriptive,n/a,12,154
259332,I'm planning to go to graduate school.,,2974,graduate,7,planning,descriptive,n/a,12,155
301528,He entered junior high school.,,3043,junior,5,entered,descriptive,n/a,12,156
252301,I'm a junior high school student.,,3043,junior,6,student,descriptive,n/a,12,156
245602,My sister expects to graduate from college next year.,,7990,expects,9,college|expects,descriptive,n/a,12,156
262151,I hope to graduate from university next spring.,,2974,graduate,8,spring|university,descriptive,n/a,12,156
4135410,I graduated from high school when I was seventeen years old.,,8242,seventeen,11,seventeen,descriptive,n/a,12,156
1417118,We must follow the regulations.,,2993,regulations,5,follow|must|regulations,descriptive,n/a,12,157
1417116,We have to follow the regulations.,,2993,regulations,6,follow|have|regulations|the|to|we,descriptive,n/a,12,157
2254031,Can you get around that regulation?,,3739,regulation,6,regulation,direct-address,neutral,12,157
5502215,That law isn't enforced.,,9054,enforced,4,enforced|law,descriptive,n/a,12,157
2325168,I enforce the rules even though I don't agree with them all.,,7262,enforce,12,enforce|even|rules|though,descriptive,n/a,12,157
696746,It's our duty to always obey the law.,,8637,obey,8,duty,descriptive,n/a,12,157
1075502,We should always obey laws.,,8637,obey,5,laws,descriptive,n/a,12,157
2246034,I obey instructions.,,8637,obey,3,instructions,descriptive,n/a,12,157
6013546,Are you refusing to obey me?,,8637,obey,6,refusing,direct-address,neutral,12,157
3773364,Everyone must obey the rules. Those who don't will be punished.,,8637,obey,11,punished,descriptive,n/a,12,157
4496151,Teenagers often break rules.,,6825,teenagers,4,break,descriptive,n/a,12,157
682182,We walked through thick bushes.,,11509,bushes,5,bushes|thick,descriptive,n/a,12,158
5916115,I hid myself in the bushes.,,11509,bushes,6,hid,descriptive,n/a,12,158
1904818,Someone is standing behind the bushes taking pictures of us.,,11509,bushes,10,standing|taking,descriptive,n/a,12,158
4545463,We have some rose bushes in front of our house.,,11509,bushes,10,rose,descriptive,n/a,12,158
22322,Don't beat around the bush.,,3017,bush,5,around|beat|bush,direct-address,informal,12,158
32308,Stop beating around the bush.,,3379,beating,5,beating|stop,direct-address,informal,12,158
272238,Coal is not always black.,,3022,coal,5,always|black|coal,descriptive,n/a,12,159
4397500,We've run out of coal.,,3022,coal,5,run|we've,descriptive,n/a,12,159
2450053,We need a large amount of coal.,,3022,coal,7,amount,descriptive,n/a,12,159
681477,Many workers were trapped in the coal mine.,,5180,trapped,8,mine|workers,descriptive,n/a,12,159
4016081,Does water conduct electricity?,,3397,electricity,4,conduct|electricity|water,direct-address,neutral,12,159
2258744,I don't approve of his conduct.,,6054,approve,6,approve,descriptive,n/a,12,160
5136936,Everybody is afraid of criticism.,,3025,criticism,5,afraid|criticism|everybody,descriptive,n/a,12,160
317435,She accepts criticism from anyone but her parents.,,8064,accepts,8,accepts,descriptive,n/a,12,160
317780,Don't be too sensitive to criticism.,,3230,sensitive,6,sensitive|too,direct-address,neutral,12,160
4846784,Some people criticized our decision.,,6864,criticized,5,criticized|decision,descriptive,n/a,12,160
2407218,I teach French at a nearby junior high school.,,3043,junior,9,nearby,descriptive,n/a,12,161
2394076,The Olympic Games take place every four years.,,3050,olympic,8,every|four|games|olympic|place|take|years,descriptive,n/a,12,162
2921288,What's the difference between religion and philosophy?,,3051,philosophy,7,religion,direct-address,neutral,12,163
2451063,"If you'd like to study French with a native speaker, please contact me.",,3062,speaker,13,contact,direct-address,neutral,12,164
2451070,My French got better after I got married to a native French speaker.,,3062,speaker,13,married,descriptive,n/a,12,165
294067,He studied English history.,,3063,studied,4,english|studied,descriptive,n/a,12,166
5526985,We have to be more consistent.,,3074,consistent,6,consistent|more,direct-address,neutral,12,167
2276914,That doesn't necessarily change anything.,,3090,necessarily,5,doesn't|necessarily,descriptive,n/a,12,167
275497,Large houses are not necessarily comfortable to live in.,,3090,necessarily,9,comfortable|houses,descriptive,n/a,12,167
287818,His argument was logical.,,5584,logical,4,argument,descriptive,n/a,12,168
4015987,What's the most logical explanation?,,5584,logical,5,explanation,direct-address,neutral,12,168
2439907,That's my reasoning.,,6808,reasoning,3,reasoning,descriptive,n/a,12,168
2154819,I don't understand this reasoning.,,6808,reasoning,5,don't|i|reasoning|this|understand,descriptive,n/a,12,168
3286798,That proves nothing.,,6334,proves,3,proves,descriptive,n/a,12,168
3342757,You proved me wrong.,,3099,proved,4,proved,direct-address,neutral,12,168
1690410,It's a proven fact.,,4052,proven,4,fact|proven,descriptive,n/a,12,168
4496636,The coach has proven himself.,,4052,proven,5,coach|himself,descriptive,n/a,12,168
2286998,I know the potential consequences.,,3131,consequences,5,potential,descriptive,n/a,12,169
2287002,I'll do that regardless of the consequences.,,3131,consequences,7,regardless,descriptive,n/a,12,169
2286996,I don't think you fully understand the consequences.,,3131,consequences,8,fully,direct-address,neutral,12,169
2287000,I think we're all aware of the consequences.,,3131,consequences,8,aware,descriptive,n/a,12,169
954473,We have to live with the consequences of our actions.,,3131,consequences,10,actions,descriptive,n/a,12,169
954474,We have to live with the consequences of our choices.,,3189,choices,10,choices,descriptive,n/a,12,169
18489,How long is the Golden Gate Bridge?,,3140,gate,7,bridge|gate|long,direct-address,neutral,12,170
2451058,"If I'd been able to speak French then, I wouldn't have gotten into trouble.",,3141,gotten,14,able|i'd|then,descriptive,n/a,12,171
1669941,I don't need a history lesson.,,3150,lesson,6,lesson,direct-address,neutral,12,172
253545,I like the atmosphere of this restaurant.,,3180,atmosphere,7,atmosphere|restaurant,descriptive,n/a,12,173
5826269,This restaurant has a romantic atmosphere.,,3421,romantic,6,romantic,descriptive,n/a,12,173
1327908,It's inevitable.,,6099,inevitable,2,inevitable,descriptive,n/a,12,174
5715094,You're bound to fail.,,3184,bound,4,bound|fail,direct-address,neutral,12,174
4666712,We're bound to get wet.,,3184,bound,5,wet,descriptive,n/a,12,174
3645306,It's bound to happen sooner or later.,,4637,sooner,7,later|or|sooner,descriptive,n/a,12,174
3101554,It was bound to happen sooner or later.,,4637,sooner,8,bound|happen|it|later|or|sooner|to|was,descriptive,n/a,12,174
48501,The plan is bound to succeed.,,4348,succeed,6,plan|succeed,descriptive,n/a,12,174
263740,Accidents are inevitable.,,6099,inevitable,3,accidents,descriptive,n/a,12,174
2057797,The blame lies elsewhere.,,3201,elsewhere,4,elsewhere,descriptive,n/a,12,175
1453957,The files are missing.,,3204,files,4,files|missing,descriptive,n/a,12,176
260888,I don't blame you for hitting him.,,3210,hitting,7,hitting,direct-address,informal,12,177
60508,This button is loose.,,3215,loose,4,button|loose,descriptive,n/a,12,178
59021,This tooth is loose.,,6146,tooth,4,tooth,descriptive,n/a,12,178
2542879,I'm tying up some loose ends.,,10419,tying,6,tying,descriptive,n/a,12,178
3819723,Hold me tighter.,,11598,tighter,3,tighter,direct-address,informal,12,178
887201,She held him tightly.,,9459,tightly,4,tightly,descriptive,n/a,12,178
314344,She held on to my hand tightly.,,9459,tightly,7,hand|held|my|on|she|tightly|to,descriptive,n/a,12,178
530146,He let the dog loose in the yard.,,3215,loose,8,yard,descriptive,n/a,12,179
317781,Don't be so sensitive to criticism.,,3230,sensitive,6,be|criticism|don't|sensitive|so|to,direct-address,neutral,12,180
54205,The server was down.,,3231,server,4,down|server|the|was,descriptive,n/a,12,181
54206,I can't check my mail. The server is down.,,3231,server,9,mail,descriptive,n/a,12,182
762939,Silence is golden.,,3233,silence,3,silence,descriptive,n/a,12,183
257709,I read an article about acid rain yesterday.,,3244,acid,8,acid|article|rain|yesterday,descriptive,n/a,12,184
33715,I received my bonus.,,3253,bonus,4,bonus,descriptive,n/a,12,185
3315263,Everybody is expecting a big a bonus.,,3459,expecting,7,big|expecting,descriptive,n/a,12,185
3763331,I deserve a promotion.,,3543,promotion,4,promotion,descriptive,n/a,12,185
2313729,I deserved that promotion.,,5551,deserved,4,deserved,descriptive,n/a,12,185
1887651,I see they've given you a promotion.,,3543,promotion,7,given,direct-address,neutral,12,185
2007310,Let's go celebrate your promotion.,,3543,promotion,5,celebrate,direct-address,informal,12,185
1096499,Don't blame me for your mistakes.,,3288,mistakes,6,mistakes,direct-address,informal,12,186
681582,The book is now ready for publication.,,3300,publication,7,publication|ready,descriptive,n/a,12,187
281031,I pulled a muscle.,,3351,muscle,4,muscle,descriptive,n/a,12,188
680688,Children love to dig in the sand.,,4855,dig,7,children|dig,descriptive,n/a,12,189
2985591,Let's lie on the sand.,,3363,sand,5,lie,direct-address,informal,12,189
63527,Glass is made from sand.,,3363,sand,5,glass,descriptive,n/a,12,189
323745,I got some sand in my eye.,,3363,sand,7,eye,descriptive,n/a,12,189
1624873,We made a sand castle.,,3363,sand,5,castle,descriptive,n/a,12,189
5293039,The sand was so hot that it burned our feet.,,4153,burned,10,burned|feet|hot,descriptive,n/a,12,189
243612,We ran out of gas in the middle of the desert.,,3582,desert,11,gas|middle|ran,descriptive,n/a,12,189
2548313,I'll grab your bags.,,3378,bags,4,bags,direct-address,neutral,12,190
3113741,I'm having trouble with my left ear again.,,3396,ear,8,again|ear|left,descriptive,n/a,12,191
3725465,The rear gate was open.,,3419,rear,5,rear,descriptive,n/a,12,192
73506,Please move to the rear of the bus.,,3419,rear,8,bus|move,direct-address,formal,12,193
310020,She speaks relatively fast.,,3424,speaks,4,fast,descriptive,n/a,12,194
5195563,"You like to talk about architecture, don't you?",,3436,architecture,8,architecture|talk,direct-address,neutral,12,195
1495731,Don't spend all your money on comic books.,,3444,comic,8,spend,direct-address,informal,12,196
3723423,The crew is tense.,,7431,tense,4,tense,descriptive,n/a,12,197
309526,I always get nervous in her presence.,,3478,nervous,7,her|nervous|presence,descriptive,n/a,12,197
790046,I'm studying art history.,,3496,studying,4,art|history|i'm|studying,descriptive,n/a,12,198
4016579,Is that the remote control?,,3546,remote,5,control,direct-address,neutral,12,199
1744277,Give the television remote control back to me.,,3546,remote,8,television,direct-address,informal,12,200
5137565,Congratulations are definitely in order.,,3572,congratulations,5,definitely|order,descriptive,n/a,12,201
x12_36,Thanks — I really appreciate that.,,1836,appreciate,5,appreciate|that,direct-address,neutral,12,201
5496631,I hate the desert.,,3582,desert,4,desert,descriptive,n/a,12,202
4501311,Ownership is an option.,,3605,ownership,4,option|ownership,descriptive,n/a,12,203
294739,He went abroad.,,3627,abroad,3,abroad|went,descriptive,n/a,12,204
312976,She has gone abroad.,,3627,abroad,4,gone,descriptive,n/a,12,204
249395,We go abroad every summer.,,3627,abroad,5,summer,descriptive,n/a,12,204
2591472,My older brother wants to study abroad.,,3627,abroad,7,older,descriptive,n/a,12,204
262169,I intend to study abroad next year.,,6002,intend,7,intend,descriptive,n/a,12,204
21925,Traveling abroad is very interesting.,,4488,traveling,5,traveling,descriptive,n/a,12,205
319094,My father is now traveling abroad.,,4488,traveling,6,abroad|father|is|my|now|traveling,descriptive,n/a,12,205
299511,He often goes abroad on business.,,3627,abroad,6,business|goes,descriptive,n/a,12,205
489683,He hopes to go abroad.,,3627,abroad,5,hopes,descriptive,n/a,12,205
250254,My uncle lived abroad for many years.,,3627,abroad,7,lived|uncle,descriptive,n/a,12,205
325477,I am saving money in order to study abroad.,,3627,abroad,9,saving,descriptive,n/a,12,205
1456141,I had intended to go abroad.,,3627,abroad,6,intended,descriptive,n/a,12,206
294737,He was determined to go abroad.,,3627,abroad,6,determined,descriptive,n/a,12,207
44717,"In those days, few people could travel abroad.",,3627,abroad,8,days|travel,descriptive,n/a,12,208
30439,"If I were younger, I would go abroad to study.",,3627,abroad,10,younger,descriptive,n/a,12,209
3921589,My initial assumption was correct.,,6168,assumption,5,initial,descriptive,n/a,12,210
3831483,Your assumptions are correct.,,7342,assumptions,4,assumptions,direct-address,neutral,12,210
3313159,We can't make any assumptions.,,7342,assumptions,5,any|assumptions|can't|make|we,descriptive,n/a,12,210
2293268,I assumed because we're brothers that I could trust you.,,3631,assumed,10,assumed|brothers,direct-address,informal,12,210
3730561,What was the outcome?,,3914,outcome,4,outcome,direct-address,neutral,12,211
2388076,I never doubted the outcome.,,13200,doubted,5,doubted,descriptive,n/a,12,211
705382,We're heading for disaster.,,3647,disaster,4,heading,descriptive,n/a,12,211
2548655,It'd be a disaster.,,5133,it'd,4,it'd,descriptive,n/a,12,211
1951357,I can't blame you for dreaming.,,7457,dreaming,6,dreaming,direct-address,neutral,12,212
4496085,No one's to blame.,,3673,one's,4,one's,descriptive,n/a,12,212
2245419,Everybody blames you.,,11868,blames,3,blames,direct-address,neutral,12,212
261615,I have trouble with physics.,,3675,physics,5,physics,descriptive,n/a,12,213
1272504,You can't trust computer translation.,,3692,translation,5,computer|translation,direct-address,neutral,12,214
425843,It's completely visible.,,3693,visible,3,visible,descriptive,n/a,12,215
1841178,Pace yourself.,,3732,pace,2,pace,direct-address,informal,12,216
2249537,Let's pace ourselves.,,3732,pace,3,let's|ourselves|pace,direct-address,informal,12,216
301019,He walked at a quick pace.,,3732,pace,6,quick,descriptive,n/a,12,216
5852438,I began pacing.,,14242,pacing,3,pacing,descriptive,n/a,12,216
1950192,Would you please stop pacing around like that and just sit down for a second?,,14242,pacing,15,second,direct-address,formal,12,216
1037053,Can you loan me a pen?,,3734,pen,6,pen,direct-address,neutral,12,217
2152290,Please loan me your dictionary.,,6677,dictionary,5,dictionary,direct-address,neutral,12,217
46941,The dictionary comes in two volumes.,,6677,dictionary,6,comes|volumes,descriptive,n/a,12,217
4016809,Can you loan me thirty dollars for a cab?,,7350,cab,9,cab|dollars,direct-address,neutral,12,217
3024055,Next year's conference will be held in Boston.,,3753,year's,8,held|year's,descriptive,n/a,12,218
251317,My major is agriculture.,,3754,agriculture,4,agriculture,descriptive,n/a,12,219
3311984,We'll see the exhibit tomorrow.,,5387,exhibit,5,exhibit,descriptive,n/a,12,220
249396,We hold an exhibition every year.,,3766,exhibition,6,exhibition|year,descriptive,n/a,12,220
16577,You ought to have seen the exhibition.,,3913,ought,7,exhibition|have|ought|seen|the|to|you,direct-address,neutral,12,220
4498401,The exhibit runs through October 20th.,,5387,exhibit,6,october|runs|th|through,descriptive,n/a,12,220
3728493,I'm a creature of habit.,,5379,creature,5,creature|habit,descriptive,n/a,12,221
953096,Are you a creature of habit?,,5379,creature,6,a|are|creature|habit|of|you,direct-address,neutral,12,221
4495020,Nothing is routine.,,3800,routine,3,nothing,descriptive,n/a,12,221
5657254,I've changed my daily routine.,,3800,routine,5,daily,descriptive,n/a,12,221
3723067,These are just routine questions we ask everyone.,,3800,routine,8,questions,descriptive,n/a,12,221
460265,Stick out your tongue.,,3809,tongue,4,stick,direct-address,informal,12,222
1850263,Bite your tongue.,,4150,bite,3,bite,direct-address,informal,12,222
3172367,Are you imaginative?,,13114,imaginative,3,imaginative,direct-address,neutral,12,223
4865903,Difficult problems require imaginative solutions.,,13114,imaginative,5,require|solutions,descriptive,n/a,12,223
4495473,What an achievement!,,3812,achievement,3,achievement,descriptive,n/a,12,223
1476611,It's an ambitious project.,,7337,ambitious,4,project,descriptive,n/a,12,223
3732767,I was young and ambitious once.,,7337,ambitious,6,once,descriptive,n/a,12,223
4529756,That'll be a big achievement.,,7318,that'll,5,a|achievement|be|big|that'll,descriptive,n/a,12,223
3825689,Let me grab my coat.,,3821,coat,5,coat,descriptive,n/a,12,224
2210745,Why don't you grab your coat?,,3821,coat,6,coat|don't|grab|why|you|your,direct-address,neutral,12,225
5840490,I drove a van.,,3829,drove,4,drove,descriptive,n/a,12,226
291033,He deserves the prize.,,3958,deserves,4,deserves,descriptive,n/a,12,227
21535,The school awarded Mary a prize.,,3876,awarded,6,awarded,descriptive,n/a,12,227
4495860,Prizes will be awarded.,,6806,prizes,4,prizes,descriptive,n/a,12,227
35775,It's my dream to win a Nobel Prize.,,8518,nobel,8,nobel|win,descriptive,n/a,12,227
2011514,I'd like your input.,,3902,input,4,input,direct-address,formal,12,228
4500295,Your input is welcome.,,3902,input,4,welcome,direct-address,formal,12,228
23467,Our staff is eager to help you.,,6578,eager,7,staff,direct-address,formal,12,228
5173892,This is a luxury.,,3907,luxury,4,luxury,descriptive,n/a,12,229
5374405,It's not a luxury.,,3907,luxury,4,a|it's|luxury|not,descriptive,n/a,12,230
1895698,You ought to trust me.,,3913,ought,5,ought,direct-address,neutral,12,231
276635,Nobody could remember the sequence of events.,,3927,sequence,7,events|remember|sequence,descriptive,n/a,12,232
490138,I like tennis and golf.,,3931,tennis,5,tennis,descriptive,n/a,12,233
680815,The theater is empty.,,3933,theater,4,empty|is|the|theater,descriptive,n/a,12,234
1312934,He loves going to the theater.,,3933,theater,6,loves,descriptive,n/a,12,234
4133584,Let's meet in front of the movie theater.,,3933,theater,8,front|meet|movie,direct-address,informal,12,234
66700,Let's go to the theater early so that we can get good seats.,,3933,theater,13,seats,direct-address,informal,12,234
238481,There is a parking lot behind the theater.,,3933,theater,8,parking,descriptive,n/a,12,235
256642,I am going to the theater on the corner.,,3933,theater,9,corner,descriptive,n/a,12,236
2954614,You must trust in yourselves.,,8371,yourselves,5,yourselves,direct-address,neutral,12,237
1779940,I can neither confirm nor deny this.,,3957,deny,7,confirm|deny,descriptive,n/a,12,237
4999919,I'm pretty progressive.,,3983,progressive,3,progressive,descriptive,n/a,12,238
58597,This type of cat has no tail.,,3996,tail,7,cat|type,descriptive,n/a,12,239
2246005,I need guidance.,,4032,guidance,3,guidance,descriptive,n/a,12,240
5858234,I needed guidance.,,4032,guidance,3,guidance|i|needed,descriptive,n/a,12,241
2249050,It's an infection.,,4034,infection,3,infection,descriptive,n/a,12,242
296145,He had trouble breathing.,,4363,breathing,4,breathing,descriptive,n/a,12,243
3619010,I'm having trouble breathing.,,4363,breathing,4,breathing|having|i'm|trouble,descriptive,n/a,12,243
1657641,There's no sign of infection.,,4034,infection,5,sign,descriptive,n/a,12,243
264396,I often have ear infections.,,7177,infections,5,infections,descriptive,n/a,12,243
1225414,I get motion sickness.,,8664,sickness,4,motion|sickness,descriptive,n/a,12,243
4664653,I don't expect any complications.,,7056,complications,5,complications|expect,descriptive,n/a,12,243
1500180,This medicine has no harmful side effects.,,7171,harmful,7,effects|side,descriptive,n/a,12,243
248653,We set a trap to catch a fox.,,4069,trap,8,set,descriptive,n/a,12,244
25181,Can you play any musical instruments?,,4105,instruments,6,instruments,direct-address,neutral,12,245
21260,Do you play a musical instrument?,,4532,instrument,6,instrument,direct-address,neutral,12,245
69519,"You play a musical instrument, don't you?",,4532,instrument,7,a|don't|instrument|musical|play|you,direct-address,neutral,12,245
908698,Who's your favorite drummer?,,10348,drummer,4,drummer,direct-address,neutral,12,245
908710,Who's your favorite guitarist?,,10962,guitarist,4,guitarist,direct-address,neutral,12,245
908712,Who's your favorite heavy metal guitarist?,,10962,guitarist,6,heavy|metal,direct-address,neutral,12,245
2050651,Who plays the keyboards in your band?,,13905,keyboards,7,band|keyboards,direct-address,neutral,12,245
2631707,I need a keyboard.,,5838,keyboard,4,keyboard,descriptive,n/a,12,245
4240388,I don't need the user manual.,,4110,manual,6,user,descriptive,n/a,12,246
3819084,Someone's in trouble.,,4127,someone's,3,someone's,descriptive,n/a,12,247
4502687,Everyone's in trouble.,,4452,everyone's,3,everyone's,descriptive,n/a,12,247
5852579,Somebody's in trouble.,,13267,somebody's,3,somebody's,descriptive,n/a,12,247
3392966,Hand me a tissue.,,4133,tissue,4,hand|tissue,direct-address,informal,12,248
4707889,I need a tissue.,,4133,tissue,4,a|i|need|tissue,descriptive,n/a,12,248
4482880,Make sure you check all the pockets for tissues before washing your clothes.,,8677,tissues,13,before|clothes|pockets|sure|tissues,direct-address,neutral,12,248
1779759,You're in grave danger.,,4176,grave,4,grave,direct-address,neutral,12,249
321631,I like jazz.,,4181,jazz,3,jazz,descriptive,n/a,12,250
290131,He knows everything that there is to know about jazz.,,4181,jazz,10,knows,descriptive,n/a,12,250
6003679,"If we had more space, we could get a grand piano.",,4195,piano,11,piano,descriptive,n/a,12,250
4746928,"Mozart wrote brilliant, complex musical compositions as easily as you or I would write a letter.",,13468,mozart,16,brilliant|compositions|easily|mozart|wrote,descriptive,n/a,12,250
4495680,Certain restrictions may apply.,,4200,restrictions,4,apply|restrictions,descriptive,n/a,12,251
4495681,Some restrictions may apply.,,4200,restrictions,4,apply|may|restrictions|some,descriptive,n/a,12,251
280796,Where is the south terminal?,,4212,terminal,5,south|terminal,direct-address,neutral,12,252
35406,Where is the bus terminal?,,4212,terminal,5,bus|is|terminal|the|where,direct-address,neutral,12,253
5181607,The toilet is stopped up.,,4213,toilet,5,stopped,descriptive,n/a,12,254
5870557,The toilet is backed up.,,4503,backed,5,backed,descriptive,n/a,12,254
687556,Where are the toilets?,,10545,toilets,4,toilets,direct-address,neutral,12,254
662756,We've just cleaned the toilets.,,10545,toilets,5,cleaned,descriptive,n/a,12,254
5135020,Experts say that's unlikely.,,4216,unlikely,4,experts,descriptive,n/a,12,255
953644,I think it's unlikely that I'll be able to pass my driving test.,,4216,unlikely,13,driving|test,descriptive,n/a,12,255
953621,I still think it's unlikely that he'll come today.,,4216,unlikely,9,he'll,descriptive,n/a,12,255
953645,I think it's unlikely that plants feel pain.,,4216,unlikely,8,plants,descriptive,n/a,12,255
953641,I think it's unlikely that a situation like this one would ever occur again.,,4216,unlikely,14,occur,descriptive,n/a,12,255
953637,I think it's highly unlikely that we'll be able to escape from this prison.,,4216,unlikely,14,escape|prison,descriptive,n/a,12,255
2713728,You guys are nuts.,,4251,nuts,4,guys,direct-address,informal,12,256
1400234,The crowd is going nuts.,,4251,nuts,5,crowd,descriptive,n/a,12,257
1886408,Would you please slide the van door open?,,4270,slide,8,door|slide,direct-address,formal,12,258
269832,I really enjoy helping disabled people.,,4302,disabled,6,disabled|enjoy,descriptive,n/a,12,259
2358696,I have a disability.,,4938,disability,4,disability,descriptive,n/a,12,259
1293128,You need to respect the elderly.,,5476,elderly,6,elderly|respect,direct-address,neutral,12,259
1682918,Respect your elders.,,9395,elders,3,elders,direct-address,neutral,12,259
2954777,You should respect your elders.,,9395,elders,5,elders|respect|should|you|your,direct-address,neutral,12,259
3022345,They sell furniture.,,4316,furniture,3,furniture|sell,descriptive,n/a,12,260
252283,I ordered new furniture.,,4316,furniture,4,ordered,descriptive,n/a,12,260
24105,The furniture was dusty.,,10462,dusty,4,dusty,descriptive,n/a,12,260
913493,Who moved the furniture?,,4316,furniture,4,moved,direct-address,neutral,12,260
682249,We rented a truck to move our furniture.,,8135,rented,8,truck,descriptive,n/a,12,260
419249,That furniture is my mother's.,,4316,furniture,5,mother's,descriptive,n/a,12,260
294433,He deals in furniture.,,4316,furniture,4,deals,descriptive,n/a,12,261
2387838,I need your recommendations.,,4334,recommendations,4,recommendations,direct-address,neutral,12,262
2642827,What are your recommendations?,,4334,recommendations,4,are|recommendations|what|your,direct-address,neutral,12,262
2234182,What's your recommendation?,,6023,recommendation,3,recommendation,direct-address,neutral,12,262
4499680,That was my recommendation.,,6023,recommendation,4,my|recommendation|that|was,descriptive,n/a,12,262
278736,Philosophy is often regarded as difficult.,,4336,regarded,6,difficult|regarded,descriptive,n/a,12,263
22093,They regarded him as the best doctor in town.,,4336,regarded,9,doctor,descriptive,n/a,12,264
6104443,The lecture was boring.,,5582,lecture,4,boring|lecture|the|was,descriptive,n/a,12,265
5006745,Is the lecture already finished?,,5582,lecture,5,finished,direct-address,neutral,12,265
296371,He cleared his throat before starting the lecture.,,5582,lecture,8,cleared|starting,descriptive,n/a,12,265
59444,This building is near completion.,,4847,completion,5,building|completion,descriptive,n/a,12,265
313118,She achieved remarkable results.,,4340,remarkable,4,achieved,descriptive,n/a,12,265
44638,Those two experiments yielded similar results.,,12455,yielded,6,experiments|results|similar|yielded,descriptive,n/a,12,265
2360380,I've taken everything into consideration.,,4369,consideration,5,consideration|taken,descriptive,n/a,12,266
258522,I accepted the offer after due consideration.,,4369,consideration,7,accepted|after|due|offer,descriptive,n/a,12,267
305080,They have twin daughters.,,4373,daughters,4,daughters,descriptive,n/a,12,268
2252593,The twins sang.,,5948,sang,3,sang,descriptive,n/a,12,268
2252594,The twins smiled.,,8351,smiled,3,smiled,descriptive,n/a,12,268
253115,I always confuse John and his twin brother.,,10447,confuse,8,confuse|john,descriptive,n/a,12,268
310096,She gave birth to twins a week ago.,,5523,twins,8,ago|birth,descriptive,n/a,12,268
49959,The twin girls are so much alike that I can't tell one from the other.,,5632,alike,15,girls,descriptive,n/a,12,268
1545461,This drives me nuts.,,4376,drives,4,drives,descriptive,n/a,12,269
5448767,We trust your judgment.,,4393,judgment,4,judgment,direct-address,neutral,12,270
4716740,The hour-long concert at the Kennedy Center was broadcast live on TV last night.,,4394,kennedy,15,broadcast|center|concert|hour|kennedy|night|tv,descriptive,n/a,12,271
3396551,"Actually, I'm currently unemployed.",,7948,unemployed,4,actually|currently,descriptive,n/a,12,272
1690155,Many young people in Spain are unemployed.,,7948,unemployed,7,spain,descriptive,n/a,12,272
20931,Tourism generated many new jobs.,,4430,tourism,5,generated|jobs|tourism,descriptive,n/a,12,272
4971272,How can I overcome this?,,4472,overcome,5,overcome,direct-address,neutral,12,273
1476500,There's a secret passage.,,4474,passage,4,passage|secret,descriptive,n/a,12,274
542530,There's a secret passage on the left.,,4474,passage,7,a|left|on|passage|secret|the|there's,descriptive,n/a,12,275
2481189,Do you have a paper clip?,,4511,clip,6,clip,direct-address,neutral,12,276
887047,She couldn't convince him to ask for a loan.,,4517,convince,9,convince,descriptive,n/a,12,277
285131,Giving advice to him is like talking to a brick wall.,,4581,brick,11,brick|giving|wall,descriptive,n/a,12,278
1427979,He just won't listen. Talking to him is like talking to a brick wall.,,4581,brick,14,listen,descriptive,n/a,12,279
3426315,The garage was empty.,,4597,garage,4,empty|garage|the|was,descriptive,n/a,12,280
4664164,The garage was completely destroyed.,,4597,garage,5,destroyed,descriptive,n/a,12,281
1096523,Cleaning the garage wasn't much fun.,,4597,garage,6,cleaning|fun|wasn't,descriptive,n/a,12,282
3732821,I need to finish cleaning out the garage.,,4597,garage,8,finish,descriptive,n/a,12,283
63494,I heard a strange sound coming from the garage.,,4597,garage,9,sound|strange,descriptive,n/a,12,284
886975,"She asked him to help her father clean the garage, but he said that he was too busy to help.",,4597,garage,20,asked|busy|clean|said,descriptive,n/a,12,285
307604,They are gathering nuts.,,4598,gathering,4,gathering,descriptive,n/a,12,286
5852597,I loaded the van.,,4610,loaded,4,i|loaded|the|van,descriptive,n/a,12,287
270921,The water pipe burst.,,5462,burst,4,burst,descriptive,n/a,12,288
4496159,The water pipes broke.,,7405,pipes,4,pipes,descriptive,n/a,12,288
63755,Gas seems to be escaping from the pipe.,,9751,escaping,8,escaping|seems,descriptive,n/a,12,288
4502543,Wrap tape around the pipe.,,5085,wrap,5,tape|wrap,direct-address,neutral,12,288
296261,He was sitting there with a pipe in his mouth.,,4619,pipe,10,mouth|sitting,descriptive,n/a,12,288
2045344,It's a pipe dream.,,4619,pipe,4,dream|pipe,descriptive,n/a,12,288
3423150,How's your blog going?,,7385,how's,4,how's,direct-address,informal,12,289
x12_39,Slowly — I haven't posted in weeks.,,2348,slowly,6,slowly|posted,descriptive,n/a,12,289
2483400,No one reads my blog.,,4628,reads,5,reads,descriptive,n/a,12,289
2483401,Hardly anyone reads my blog.,,4628,reads,5,anyone|blog|hardly|my|reads,descriptive,n/a,12,289
1199390,You're so mysterious.,,5333,mysterious,3,mysterious,direct-address,informal,12,290
2688960,This is very mysterious.,,5333,mysterious,4,is|mysterious|this|very,descriptive,n/a,12,290
3341693,You're sort of rude.,,4632,rude,4,sort,direct-address,informal,12,290
303984,He made a rude reply.,,4632,rude,5,reply,descriptive,n/a,12,290
1153476,Their rude behavior makes me angry.,,4632,rude,6,angry|behavior|makes,descriptive,n/a,12,290
2713164,It's rude to stare at people.,,7812,stare,6,stare,descriptive,n/a,12,290
3172283,Do people ever accuse you of being rude?,,9965,accuse,8,accuse,direct-address,neutral,12,290
4663400,We need to check this report for accuracy.,,4654,accuracy,8,accuracy|check,direct-address,neutral,12,291
2544494,We're conducting a survey.,,6186,conducting,4,conducting|survey,descriptive,n/a,12,292
324911,"As requested, we are submitting our final report.",,11841,submitting,8,requested|submitting,direct-address,formal,12,292
260724,I began to doubt the accuracy of his statement.,,4654,accuracy,9,began|doubt,descriptive,n/a,12,292
3820425,I don't trust these surveys.,,6926,surveys,5,surveys,descriptive,n/a,12,292
4499076,I'm a Harvard graduate.,,4685,harvard,4,harvard,descriptive,n/a,12,293
19182,The strong wind indicates that a storm is coming.,,4686,indicates,9,coming|indicates|storm|strong|wind,descriptive,n/a,12,294
2245734,I envy you.,,8494,envy,3,envy|i|you,direct-address,neutral,12,295
1414039,I envy her.,,8494,envy,3,envy,descriptive,n/a,12,295
32177,Everybody was jealous of my success.,,4688,jealous,6,success,descriptive,n/a,12,295
4164114,Why do you want to make your boyfriend jealous?,,4688,jealous,9,boyfriend,direct-address,neutral,12,295
44507,The actor died at the height of his popularity.,,4706,popularity,9,actor|died|height|popularity,descriptive,n/a,12,296
953474,I have many friends who are native speakers.,,4714,speakers,8,friends|speakers,descriptive,n/a,12,297
2747689,I don't get very many opportunities to talk with native speakers.,,4714,speakers,11,opportunities,descriptive,n/a,12,298
5642554,I didn't make any adjustments.,,8690,adjustments,5,adjustments,descriptive,n/a,12,299
2358893,I've already made arrangements.,,4737,arrangements,4,arrangements,descriptive,n/a,12,299
2541003,I'll handle all the arrangements.,,4737,arrangements,5,handle,descriptive,n/a,12,299
4529205,The arrangement proved highly profitable.,,6616,profitable,5,arrangement|highly|profitable,descriptive,n/a,12,299
1336430,Give me a hint.,,6202,hint,4,hint,direct-address,informal,12,300
1832186,Thanks for the hint.,,6202,hint,4,thanks,direct-address,neutral,12,300
2275228,Don't give me any hints.,,8422,hints,5,hints,direct-address,informal,12,300
252865,I'd like to point out some problems regarding your suggestion.,,4817,suggestion,10,point|suggestion,direct-address,formal,12,300
3733471,That was a nasty surprise.,,4879,nasty,5,surprise,descriptive,n/a,12,301
774302,I have a nasty feeling that something awful is going to happen.,,4879,nasty,12,awful|feeling,descriptive,n/a,12,302
2369624,My jeans won't fit.,,6004,jeans,4,fit|jeans,descriptive,n/a,12,303
250113,Do you have jeans in my size?,,6004,jeans,7,size,direct-address,neutral,12,303
259864,I usually wear jeans on Sunday.,,6004,jeans,6,sunday,descriptive,n/a,12,303
2645116,A lot of kids wear jeans.,,6004,jeans,6,kids,descriptive,n/a,12,303
261972,I bought two cotton shirts.,,4893,shirts,5,bought|cotton|shirts|two,descriptive,n/a,12,303
237873,My brother gave me a pair of jeans.,,6004,jeans,8,pair,descriptive,n/a,12,303
310395,She usually wears jeans.,,6157,wears,4,usually|wears,descriptive,n/a,12,303
3566317,Which planet is closest to the sun?,,4927,closest,7,closest|sun,descriptive,n/a,12,304
4257273,What's the closest planet to the sun?,,4927,closest,7,closest|planet|sun|the|to|what's,descriptive,n/a,12,305
2550143,We have to overcome many difficulties.,,4937,difficulties,6,difficulties,descriptive,n/a,12,306
276117,Somebody has broken this dish.,,4939,dish,5,broken,descriptive,n/a,12,307
2538808,Would you care for a dish of ice cream?,,4939,dish,9,cream|ice,direct-address,formal,12,308
2250341,Give me another nail.,,4974,nail,4,another,direct-address,neutral,12,309
1030083,Mary changes her nail color almost every day.,,4974,nail,8,changes,descriptive,n/a,12,310
3733488,That's complete nonsense.,,4977,nonsense,3,complete,descriptive,n/a,12,311
5319721,That's pure nonsense.,,4977,nonsense,3,pure,descriptive,n/a,12,312
6002345,I'm so sick of hearing that nonsense.,,4977,nonsense,7,hearing|sick,descriptive,n/a,12,313
276290,I wonder who can swim fastest.,,4998,swim,6,swim|wonder,descriptive,n/a,12,314
2203245,We're rational.,,6339,rational,2,rational,descriptive,n/a,12,315
2203246,You're rational.,,6339,rational,2,rational|you're,direct-address,neutral,12,315
2203010,You're influential.,,6001,influential,2,influential,direct-address,neutral,12,315
5938129,You look very distinguished.,,5032,distinguished,4,distinguished|look,direct-address,neutral,12,315
2962850,You seem very knowledgeable about that.,,12162,knowledgeable,6,knowledgeable,direct-address,neutral,12,315
3402567,It's just a flesh wound.,,5037,flesh,5,flesh|wound,descriptive,n/a,12,316
5642608,Can I borrow your history notes?,,6851,borrow,6,borrow|notes,direct-address,neutral,12,317
x12_14,Sure — bring them back tomorrow.,,1020,tomorrow,5,sure|tomorrow,direct-address,informal,12,317
2334162,I hated history class.,,5042,hated,4,hated,descriptive,n/a,12,317
2057836,I wouldn't blame you if you hated me.,,5042,hated,8,blame|hated|i|if|me|wouldn't|you,direct-address,neutral,12,318
2406381,I should've been more precise.,,6029,should've,5,should've,descriptive,n/a,12,319
3591141,That's precisely the point.,,5060,precisely,4,point|precisely|that's|the,descriptive,n/a,12,319
3591692,That's precisely what I meant.,,5060,precisely,5,meant,descriptive,n/a,12,319
2599466,Precise measurements are necessary.,,6411,measurements,4,are|measurements|necessary|precise,descriptive,n/a,12,319
237827,My brother sends you his regards.,,5508,sends,6,brother|sends,direct-address,formal,12,320
1393373,Send her my regards.,,5067,regards,4,regards|send,direct-address,neutral,12,320
3152556,Give my regards to your folks.,,5067,regards,6,folks,direct-address,neutral,12,320
2406577,I stepped on a nail.,,5071,stepped,5,stepped,descriptive,n/a,12,321
4495386,What a sad commentary!,,5109,commentary,4,commentary|sad,descriptive,n/a,12,322
29976,What a nerve!,,5141,nerve,3,nerve,descriptive,n/a,12,323
4014207,Have you finally lost your nerve?,,5141,nerve,6,finally|lost,direct-address,neutral,12,324
1401028,This is a restricted area.,,5163,restricted,5,area|restricted,descriptive,n/a,12,325
2954946,You're in a restricted area.,,5163,restricted,5,a|area|in|restricted|you're,direct-address,neutral,12,326
40935,I had trouble getting a taxi.,,5175,taxi,6,taxi,descriptive,n/a,12,327
2539805,I'll grab a taxi and be right there.,,5175,taxi,8,right,descriptive,n/a,12,328
258265,I acknowledge my mistake.,,5189,acknowledge,4,acknowledge|mistake,descriptive,n/a,12,329
4529789,We have to acknowledge that.,,5189,acknowledge,5,acknowledge|have|that|to|we,descriptive,n/a,12,329
313070,She acknowledged having made a mistake.,,6049,acknowledged,6,acknowledged,descriptive,n/a,12,329
297741,He acknowledged my presence with a nod.,,9671,nod,7,nod,descriptive,n/a,12,329
298523,He acknowledged his faults.,,10354,faults,4,faults,descriptive,n/a,12,329
4664040,I think I eat a fairly balanced diet.,,5194,balanced,8,diet,descriptive,n/a,12,330
3598170,Don't forget your costume.,,5217,costume,4,forget,direct-address,informal,12,331
1977303,Where can I rent a costume?,,5217,costume,6,rent,direct-address,neutral,12,331
1886721,What kind of costumes did you buy for the children?,,7975,costumes,10,costumes|kind,direct-address,neutral,12,331
257652,I am the fastest runner.,,5255,runner,5,runner,descriptive,n/a,12,332
2458545,I think you'd look distinguished with a beard.,,6174,beard,8,beard,direct-address,neutral,12,333
539523,She is a charming woman.,,6181,charming,5,woman,descriptive,n/a,12,333
5850177,Mary is charming and attractive.,,6181,charming,5,attractive,descriptive,n/a,12,333
68031,That baby has charming eyes.,,6181,charming,5,baby|eyes,descriptive,n/a,12,333
296000,He has broad shoulders.,,5259,shoulders,4,broad|shoulders,descriptive,n/a,12,333
3170732,I need to buy some black spray paint.,,5265,spray,8,paint|spray,descriptive,n/a,12,334
5858555,I collect comics.,,5298,comics,3,collect|comics,descriptive,n/a,12,335
704725,Stir the soup.,,7311,stir,3,stir,direct-address,neutral,12,336
3717634,Please pass me the jam.,,5321,jam,5,pass,direct-address,neutral,12,336
5022696,The store is jam-packed.,,5321,jam,5,packed,descriptive,n/a,12,336
266568,I was delayed by a traffic jam.,,5321,jam,7,delayed,descriptive,n/a,12,336
435623,There is a traffic jam on the highway.,,5321,jam,8,highway,descriptive,n/a,12,336
240355,The traffic jam caused me to be late for the meeting.,,5321,jam,11,caused|meeting|traffic,descriptive,n/a,12,336
2057777,I'm not placing blame.,,5337,placing,4,placing,descriptive,n/a,12,337
2247431,I truly apologize.,,5365,apologize,3,truly,direct-address,neutral,12,338
4495507,I apologize in advance.,,5365,apologize,4,advance,direct-address,neutral,12,338
2247413,I sincerely apologize.,,8046,sincerely,3,sincerely,direct-address,formal,12,338
x12_31,There's no need.,,260,there's,3,no|need,descriptive,n/a,12,338
1368433,We apologize for the delay.,,5365,apologize,5,delay,direct-address,formal,12,338
4530099,I wanted to apologize.,,5365,apologize,4,wanted,descriptive,n/a,12,339
2540852,I'm waiting for you to apologize.,,5365,apologize,6,waiting,direct-address,neutral,12,339
4529686,That's no reason to apologize.,,5365,apologize,5,reason,direct-address,neutral,12,339
1841621,I'm willing to apologize.,,5365,apologize,4,willing,descriptive,n/a,12,339
2291872,I apologize for the mess.,,5365,apologize,5,mess,direct-address,neutral,12,340
4398490,We apologize for the error.,,5365,apologize,5,error,direct-address,formal,12,340
273576,I apologize for not writing to you before.,,5365,apologize,8,writing,direct-address,formal,12,340
2545863,Pardon the interruption.,,14111,interruption,3,interruption|pardon,direct-address,formal,12,340
870625,Sorry for the interruption.,,14111,interruption,4,for|interruption|sorry|the,direct-address,neutral,12,340
2042752,I want to apologize for all the things I said earlier today.,,5365,apologize,12,earlier,direct-address,formal,12,341
2291870,I apologize for my choice of words.,,5365,apologize,7,words,descriptive,n/a,12,341
4495692,Your effort is appreciated.,,5366,appreciated,4,effort,direct-address,formal,12,342
4529705,I appreciated the opportunity.,,5366,appreciated,4,opportunity,descriptive,n/a,12,343
4529322,Your support is greatly appreciated.,,5366,appreciated,5,greatly|support,direct-address,formal,12,344
4529423,Your ideas are always appreciated.,,5366,appreciated,5,ideas,direct-address,formal,12,345
5448755,I'm glad you appreciated that.,,5366,appreciated,5,glad,direct-address,neutral,12,346
2495042,Let's sit in the shade.,,5433,shade,5,shade|sit,direct-address,informal,12,347
3170686,That's a nice shade of blue.,,5433,shade,6,blue|nice,descriptive,n/a,12,348
2050603,We should play golf sometime.,,5437,sometime,5,sometime,direct-address,neutral,12,349
2541363,I'm having trouble believing it.,,5459,believing,5,believing,descriptive,n/a,12,350
x12_28,I know — it sounds unlikely.,,4216,unlikely,5,sounds|unlikely,descriptive,n/a,12,350
5639905,I'm fairly old-fashioned.,,7461,fashioned,4,fashioned|old,descriptive,n/a,12,351
3172406,Are you broad-minded?,,5493,minded,4,minded,direct-address,neutral,12,351
2050710,You were always playing tricks on me when we were in junior high school.,,5522,tricks,14,playing|tricks,direct-address,informal,12,352
3204843,It's impossible to tell the Jackson twins apart.,,5523,twins,8,apart|impossible,descriptive,n/a,12,353
5075446,The police weren't able to determine which one of the twins had committed the crime.,,5523,twins,15,committed|determine,descriptive,n/a,12,354
3012833,The police are investigating the shooting.,,6100,investigating,6,shooting,descriptive,n/a,12,354
238172,The police are investigating the cause of the crash.,,6100,investigating,9,crash,descriptive,n/a,12,354
4500344,Authorities are still investigating.,,6100,investigating,4,authorities,descriptive,n/a,12,354
4497244,Detectives are still investigating.,,10455,detectives,4,detectives,descriptive,n/a,12,354
4499428,Several protesters were hurt.,,6914,protesters,4,hurt|protesters,descriptive,n/a,12,354
4501566,Three of the protesters were wounded.,,6914,protesters,6,wounded,descriptive,n/a,12,354
4083391,Mary claimed that her purse had been stolen.,,7409,purse,8,claimed|stolen,descriptive,n/a,12,354
903714,There is an urgent need for understanding how climate change will affect our lives.,,5524,urgent,14,affect|an|change|climate|for|how|is|lives|need|our|there|understanding|urgent|will,descriptive,n/a,12,355
903694,There is an urgent need for experienced pilots.,,5765,pilots,8,experienced,descriptive,n/a,12,355
2245931,I like beans.,,5539,beans,3,beans,descriptive,n/a,12,356
3170662,There were some green beans on the plate.,,5539,beans,8,green|plate,descriptive,n/a,12,357
2020397,It's not legally binding.,,5540,binding,4,binding|legally,descriptive,n/a,12,358
2123614,It's blank.,,5541,blank,2,blank,descriptive,n/a,12,359
250172,Give me a blank sheet of paper.,,5541,blank,7,sheet,direct-address,neutral,12,360
1866503,I learned to milk a cow.,,5548,cow,6,learned|milk,descriptive,n/a,12,361
2240694,We're graduating tomorrow.,,9401,graduating,3,graduating,descriptive,n/a,12,362
1950817,I can't believe I'm graduating this year.,,9401,graduating,7,believe,descriptive,n/a,12,362
x12_40,Congratulations in advance!,,3572,congratulations,3,in|advance,direct-address,neutral,12,362
510198,She was very shy until she graduated.,,5562,graduated,7,shy,descriptive,n/a,12,362
4499075,Not everybody graduates.,,6696,graduates,3,graduates,descriptive,n/a,12,362
4499073,All graduates are invited.,,6696,graduates,4,invited,descriptive,n/a,12,362
5006918,What are you wearing to graduation?,,6201,graduation,6,graduation|wearing,direct-address,neutral,12,362
2202702,You're courageous.,,11399,courageous,2,courageous,direct-address,neutral,12,363
2713497,You're very courageous.,,11399,courageous,3,courageous|very|you're,direct-address,neutral,12,363
2202547,We're adventurous.,,12717,adventurous,2,adventurous|we're,descriptive,n/a,12,363
2111821,How adventurous!,,12717,adventurous,2,adventurous,direct-address,neutral,12,363
2203092,You're motivated.,,5589,motivated,2,motivated|you're,direct-address,neutral,12,363
2123620,I'm motivated.,,5589,motivated,2,motivated,descriptive,n/a,12,363
3503029,My muscles have gotten soft.,,5590,muscles,5,muscles|soft,descriptive,n/a,12,364
5937484,I have trouble walking up stairs.,,5609,stairs,6,stairs|walking,descriptive,n/a,12,365
1595366,I work as a consultant.,,5651,consultant,5,work,descriptive,n/a,12,366
4325124,"I'll do the dishes, since you cooked.",,5811,cooked,7,cooked|since,direct-address,informal,12,367
2247878,I'll wash dishes.,,5659,dishes,3,wash,descriptive,n/a,12,367
5001087,Go help your mom with the dishes.,,5659,dishes,7,mom,direct-address,informal,12,367
2425983,The kitchen sink was full of dirty dishes.,,5659,dishes,8,dirty|full|kitchen|sink,descriptive,n/a,12,367
3802033,I'm the one who always washes the dishes.,,14777,washes,8,always|dishes|i'm|one|the|washes|who,descriptive,n/a,12,367
253283,I watched TV after I washed the dishes.,,5961,washed,8,watched,descriptive,n/a,12,367
319064,My father often washes the dishes.,,14777,washes,6,washes,descriptive,n/a,12,367
23178,We are liable for the damage.,,8016,liable,6,damage|liable,descriptive,n/a,12,368
270658,People have eaten with their fingers from the beginning of history.,,5662,eaten,11,beginning|eaten|fingers,descriptive,n/a,12,368
3328174,Can I help you gentlemen?,,5670,gentlemen,5,can|gentlemen|help|i|you,direct-address,formal,12,369
1617666,We took a mud bath.,,5690,mud,5,bath|mud|took,descriptive,n/a,12,370
2646189,Where are my slippers?,,14036,slippers,4,slippers,descriptive,n/a,12,371
2646656,Are those my slippers?,,14036,slippers,4,are|my|slippers|those,descriptive,n/a,12,371
3636265,Your shoes are muddy.,,11346,muddy,4,shoes,direct-address,neutral,12,371
3360953,Please take off your muddy boots.,,11346,muddy,6,boots,direct-address,formal,12,371
300772,He was covered with mud from head to foot.,,5690,mud,9,foot|head,descriptive,n/a,12,371
284028,I couldn't help laughing when I saw him lying face down covered with mud.,,5690,mud,14,face|laughing|lying|saw,descriptive,n/a,12,372
4495413,What a prospect!,,5698,prospect,3,prospect,descriptive,n/a,12,373
308850,I am excited at the prospect of seeing her.,,5698,prospect,9,excited|seeing,descriptive,n/a,12,374
2253842,Use your charm.,,5731,charm,3,charm,direct-address,informal,12,375
2546475,It worked like a charm.,,5731,charm,5,worked,descriptive,n/a,12,375
4523892,What's the nearest planet to the sun?,,5846,nearest,7,nearest,direct-address,neutral,12,376
1721095,I like potato salad.,,5858,potato,4,potato|salad,descriptive,n/a,12,377
2580869,We ate potato soup.,,5858,potato,4,ate|soup,descriptive,n/a,12,377
4356514,"If I start eating potato chips, I can't stop.",,5858,potato,9,chips|start,descriptive,n/a,12,377
2331735,I had steak and potatoes last night.,,7212,steak,7,steak,descriptive,n/a,12,377
3138116,Can you give me a slice of bread?,,6923,slice,8,bread|slice,direct-address,neutral,12,377
4502804,You can have a slice of pizza if you want.,,6923,slice,10,a|can|have|if|of|pizza|slice|want|you,direct-address,informal,12,377
1833031,There are two slices of pizza for each person.,,10996,slices,9,slices,descriptive,n/a,12,377
2396942,This looks like silk.,,5871,silk,4,looks|silk,descriptive,n/a,12,378
2959289,Is this real silk?,,5871,silk,4,is|real|silk|this,direct-address,neutral,12,379
55920,This feels like silk.,,5871,silk,4,feels,descriptive,n/a,12,380
2994956,Would you like to see my stamp collection?,,5872,stamp,8,stamp,direct-address,neutral,12,381
3871280,Do you want to see my stamp collection?,,5872,stamp,8,collection|do|my|see|stamp|to|want|you,direct-address,informal,12,381
4497087,Creativity is the key.,,6769,creativity,4,creativity|key,descriptive,n/a,12,381
308207,I assisted her in moving the furniture.,,5883,assisted,7,assisted|moving,descriptive,n/a,12,382
2643358,"Technically, you're correct.",,5957,technically,3,technically,direct-address,neutral,12,383
4923381,It's technically possible.,,5957,technically,3,possible,descriptive,n/a,12,384
4014489,What's your earliest memory?,,5984,earliest,4,earliest|memory,direct-address,neutral,12,385
255065,I'll talk to him at the earliest possible moment.,,5984,earliest,9,moment,descriptive,n/a,12,386
5638461,This is one of the most influential novels of the past 30 years.,,6001,influential,12,novels|past,descriptive,n/a,12,387
72176,T-shirts and jeans are not suitable for this occasion.,,6004,jeans,10,occasion|suitable|t,descriptive,n/a,12,388
249995,I don't know if her new shirt will go with her blue jeans.,,6004,jeans,13,shirt,descriptive,n/a,12,389
431100,Cut the potatoes.,,6020,potatoes,3,cut|potatoes,direct-address,neutral,12,390
3772779,The potatoes stayed hot.,,6020,potatoes,4,stayed,descriptive,n/a,12,391
4499814,I was a public servant.,,6028,servant,5,public,descriptive,n/a,12,392
5189090,I used to hang out in this park as a teenager.,,6038,teenager,11,hang,descriptive,n/a,12,393
909529,How much time does the average teenager watch TV every day?,,6038,teenager,11,average,descriptive,n/a,12,394
5853257,"I wore glasses when I was a teenager, but I don't anymore.",,6038,teenager,12,glasses|wore,descriptive,n/a,12,395
2254666,Where's the remote?,,6046,where's,3,where's,direct-address,neutral,12,396
1886601,Where's my golf bag?,,6046,where's,4,bag,descriptive,n/a,12,397
18645,Recent advances in medicine are remarkable.,,6050,advances,6,advances|medicine|recent,descriptive,n/a,12,398
1396442,The recent advances in medicine are remarkable.,,6050,advances,7,advances|are|in|medicine|recent|remarkable|the,descriptive,n/a,12,399
906706,What's your favorite breed of dog?,,6059,breed,6,breed|favorite,direct-address,neutral,12,400
268258,An elephant has a long nose.,,6080,elephant,6,elephant|nose,descriptive,n/a,12,401
268248,Have you ever seen an elephant fly?,,6080,elephant,7,fly,direct-address,neutral,12,401
54711,This is how they catch an elephant alive.,,6080,elephant,8,alive,descriptive,n/a,12,401
5557322,I like elephants.,,8837,elephants,3,elephants,descriptive,n/a,12,401
325815,The hunters aimed at the elephant.,,7471,hunters,6,aimed|hunters,descriptive,n/a,12,401
2117,A rabbit has long ears and a short tail.,,6425,rabbit,9,ears|rabbit,descriptive,n/a,12,401
1396365,Rabbits have long ears and short tails.,,10414,tails,7,rabbits|tails,descriptive,n/a,12,401
4256340,All insects have six legs.,,6705,insects,5,legs|six,descriptive,n/a,12,401
2248210,I'm physically exhausted.,,6083,exhausted,3,physically,descriptive,n/a,12,402
248788,We exhausted our funds.,,6083,exhausted,4,funds,descriptive,n/a,12,402
16728,You must be mentally exhausted.,,6083,exhausted,5,mentally,direct-address,neutral,12,402
23072,We were all rather exhausted.,,6083,exhausted,5,rather,descriptive,n/a,12,402
4498400,That sounds exhausting.,,11313,exhausting,3,exhausting,descriptive,n/a,12,402
1488137,The trip was exhausting.,,11313,exhausting,4,trip,descriptive,n/a,12,402
2542418,I'm investigating the options.,,6100,investigating,4,options,descriptive,n/a,12,403
4494748,It's a deadly poison.,,6125,poison,4,deadly|poison,descriptive,n/a,12,404
2293453,I assure you that isn't necessary.,,6271,assure,6,assure|necessary,direct-address,formal,12,405
2293447,I assure you I'll accept full responsibility.,,6271,assure,7,responsibility,direct-address,formal,12,405
2293449,I assure you I'm in perfect health.,,6271,assure,7,perfect,direct-address,formal,12,405
886992,She assured him that everything was OK.,,6169,assured,7,assured|ok,descriptive,n/a,12,405
273838,Rest assured that I will do my best.,,6169,assured,8,rest,direct-address,formal,12,405
4016079,Water conducts electricity.,,12738,conducts,3,conducts,descriptive,n/a,12,406
954344,The flame went out.,,6196,flame,4,flame,descriptive,n/a,12,406
25907,Turn the flame down low.,,6196,flame,5,low,direct-address,neutral,12,406
4494008,There were flames everywhere.,,6584,flames,4,flames,descriptive,n/a,12,406
24147,The house was in flames.,,6584,flames,5,flames|house|in|the|was,descriptive,n/a,12,406
5858969,I grabbed a chair.,,6200,grabbed,4,chair|grabbed,descriptive,n/a,12,407
887164,She grabbed him by the hand and pulled him onto the boat.,,6200,grabbed,12,boat|onto,descriptive,n/a,12,408
240006,A great man will be remembered for his achievements.,,6264,achievements,9,achievements|remembered,descriptive,n/a,12,409
3826518,I was deeply ashamed.,,6270,ashamed,4,deeply,descriptive,n/a,12,410
318556,Don't be ashamed of being poor.,,6270,ashamed,6,poor,direct-address,informal,12,411
54719,I'm ashamed to ask you such a silly question.,,6270,ashamed,9,question|silly,direct-address,neutral,12,412
434404,Can you fix it temporarily?,,6356,temporarily,5,fix|temporarily,direct-address,neutral,12,413
2111446,That's disturbing.,,6385,disturbing,2,disturbing,descriptive,n/a,12,414
3111046,It's disturbing.,,6385,disturbing,2,disturbing|it's,descriptive,n/a,12,414
1676703,That's terrifying.,,7432,terrifying,2,terrifying,descriptive,n/a,12,414
2187238,It's terrifying.,,7432,terrifying,2,it's|terrifying,descriptive,n/a,12,414
5423330,It's frightening.,,10469,frightening,2,frightening,descriptive,n/a,12,414
4498768,The facts are frightening.,,10469,frightening,4,facts,descriptive,n/a,12,414
1671747,Would you explain that graph to me?,,6398,graph,7,explain|graph,direct-address,formal,12,415
1936411,I'd like to look at that graph.,,6398,graph,7,at|graph|i'd|like|look|that|to,descriptive,n/a,12,416
4016806,What are those pills called?,,6422,pills,5,called,direct-address,neutral,12,417
2259517,These pills will ease the pain.,,6422,pills,6,ease|pain,descriptive,n/a,12,417
3736992,These pills are hard to swallow.,,8247,swallow,6,hard,descriptive,n/a,12,417
2540659,I took a sleeping pill last night.,,6613,pill,7,pill,descriptive,n/a,12,417
5938418,I swallowed the pill.,,10894,swallowed,4,i|pill|swallowed|the,descriptive,n/a,12,417
2545942,I'm not swallowing that.,,14147,swallowing,4,swallowing,descriptive,n/a,12,417
268673,My throat hurts when I swallow.,,8247,swallow,6,swallow,descriptive,n/a,12,417
5592868,Are you having any difficulty swallowing?,,14147,swallowing,6,difficulty,direct-address,neutral,12,417
5050532,I swallowed my pride.,,10894,swallowed,4,swallowed,descriptive,n/a,12,417
271884,I wonder if life exists on other planets.,,6423,planets,8,exists|planets,descriptive,n/a,12,418
5858075,I dried the dishes.,,6489,dried,4,dried,descriptive,n/a,12,419
313865,She washed the dishes and she dried them.,,6489,dried,8,and|dishes|dried|she|the|them|washed,descriptive,n/a,12,420
5287089,Mary filed her nails.,,6516,nails,4,filed|her|mary|nails,descriptive,n/a,12,421
2267044,I need a box of nails.,,6516,nails,6,box,descriptive,n/a,12,422
5858233,I'm a health nut.,,6520,nut,4,nut,descriptive,n/a,12,423
4502064,They were servants.,,6628,servants,3,servants,descriptive,n/a,12,424
2491392,There aren't enough chairs in the conference room.,,6667,chairs,8,chairs|enough,descriptive,n/a,12,425
3825500,What's in that cupboard?,,13193,cupboard,4,cupboard,direct-address,neutral,12,426
239944,I looked in the cupboard.,,13193,cupboard,5,looked,descriptive,n/a,12,426
4823477,There's beer in the fridge.,,6691,fridge,5,beer,descriptive,n/a,12,426
1547366,Get an egg from the fridge.,,6691,fridge,6,egg,direct-address,informal,12,426
3272286,There's no more butter in the fridge.,,6691,fridge,7,butter,descriptive,n/a,12,426
1424500,Please feel free to eat anything in the fridge.,,6691,fridge,9,free,direct-address,neutral,12,426
51263,It gets on my nerves.,,6718,nerves,5,gets|it|my|nerves|on,descriptive,n/a,12,427
3735823,The noise got on my nerves.,,6718,nerves,6,noise,descriptive,n/a,12,428
5829166,I grew roses.,,6811,roses,3,grew|i|roses,descriptive,n/a,12,429
49967,Pink roses are beautiful.,,6811,roses,4,beautiful|pink,descriptive,n/a,12,429
1388138,I brought you red roses.,,6811,roses,5,brought,direct-address,neutral,12,429
4953363,I'm secretly hoping for that.,,6815,secretly,5,hoping|secretly,descriptive,n/a,12,430
1315828,He secretly showed me her photo.,,6815,secretly,6,photo,descriptive,n/a,12,431
1315829,He secretly showed me her photograph.,,6815,secretly,6,photograph,descriptive,n/a,12,432
4502931,Fewer teenagers are working nowadays.,,6825,teenagers,5,fewer|nowadays|working,descriptive,n/a,12,433
3619726,I've loved you since we were teenagers.,,6825,teenagers,7,loved,direct-address,informal,12,434
292576,"He turned the bottle upside down and shook it, but still the honey wouldn't come out.",,6832,upside,16,bottle|shook|turned|upside,descriptive,n/a,12,435
2829796,My wrist hurts.,,6842,wrist,3,hurts|wrist,descriptive,n/a,12,436
1446057,I have a broken wrist.,,6842,wrist,5,a|broken|have|i|wrist,descriptive,n/a,12,436
388017,That man grabbed the young girl's wrist.,,7270,girl's,7,girl's,descriptive,n/a,12,436
294572,He abused our trust.,,6843,abused,4,abused|he|our|trust,descriptive,n/a,12,437
25640,The king abused his power.,,6843,abused,5,king|power,descriptive,n/a,12,438
1361943,They criticized me for coming late.,,6864,criticized,6,late,descriptive,n/a,12,439
1365814,I didn't criticize him.,,10938,criticize,4,criticize,descriptive,n/a,12,439
4497089,They often criticize us.,,10938,criticize,4,criticize|often|they|us,descriptive,n/a,12,439
2816325,I'm not criticizing you.,,11636,criticizing,4,criticizing,direct-address,neutral,12,439
5598570,I'm sorry for criticizing you.,,11636,criticizing,5,criticizing|for|i'm|sorry|you,direct-address,neutral,12,439
18024,Your conduct is absolutely shameful.,,11704,shameful,5,shameful,direct-address,formal,12,439
3170668,There are many shades of gray.,,6920,shades,6,gray|shades,descriptive,n/a,12,440
2069353,Nobody likes a sore loser.,,7023,sore,5,loser,descriptive,n/a,12,441
3359981,You're a sight for sore eyes.,,7023,sore,6,sight,direct-address,informal,12,441
5774436,My neck is a little sore.,,7023,sore,6,neck,descriptive,n/a,12,441
273774,My whole body is sore.,,7023,sore,5,body,descriptive,n/a,12,441
5858172,I have a sore knee.,,7023,sore,5,knee,descriptive,n/a,12,441
1300315,I have a sore throat. Do you have a cough drop?,,7359,cough,11,cough|drop|throat,direct-address,neutral,12,441
5213812,I was sore for three weeks.,,7023,sore,6,weeks,descriptive,n/a,12,442
1123905,I woke up with a sore throat.,,7023,sore,7,woke,descriptive,n/a,12,443
268878,I have a cold sore on my lip.,,7023,sore,8,lip,descriptive,n/a,12,444
17547,I have a very sore arm where you hit me.,,7023,sore,10,arm,descriptive,n/a,12,445
5821533,I may not be able to sing tonight. I have a sore throat.,,7023,sore,13,sing|tonight,descriptive,n/a,12,446
2036560,I've had a slight sore throat since this morning. I wonder if I've caught a cold.,,7023,sore,16,caught|cold|morning|slight,descriptive,n/a,12,447
3374115,That troubles me.,,7031,troubles,3,troubles,descriptive,n/a,12,448
3722796,That's what troubles me.,,7031,troubles,4,me|that's|troubles|what,descriptive,n/a,12,448
1520377,That's troubling.,,12581,troubling,2,troubling,descriptive,n/a,12,448
3636495,What's troubling you?,,12581,troubling,3,troubling|what's|you,direct-address,neutral,12,448
5840543,I'm troubled.,,7823,troubled,2,troubled,descriptive,n/a,12,448
2255128,You look troubled.,,7823,troubled,3,look|troubled|you,direct-address,neutral,12,448
33622,Was anybody else absent?,,7040,absent,4,else,direct-address,neutral,12,449
21395,Half the students were absent.,,7040,absent,5,half,descriptive,n/a,12,450
29009,I was absent from the party.,,7040,absent,6,party,descriptive,n/a,12,451
299398,He was absent at roll call.,,7040,absent,6,roll,descriptive,n/a,12,452
303133,He was absent because of illness.,,7040,absent,6,illness,descriptive,n/a,12,453
1424449,Even intelligent people are sometimes absent-minded.,,7040,absent,7,intelligent,descriptive,n/a,12,454
242950,Two boys are absent from school today.,,7040,absent,7,boys,descriptive,n/a,12,455
310843,She has been absent since last Wednesday.,,7040,absent,7,wednesday,descriptive,n/a,12,456
41865,Don't expose it to the rain.,,7067,expose,6,expose,direct-address,neutral,12,457
3008843,That's also irrelevant.,,7081,irrelevant,3,also,descriptive,n/a,12,458
3008837,My opinion is irrelevant.,,7081,irrelevant,4,opinion,descriptive,n/a,12,459
3008845,These details are irrelevant.,,7081,irrelevant,4,details,descriptive,n/a,12,460
3008842,Whether you're able to speak French or not is completely irrelevant to this conversation.,,7081,irrelevant,14,conversation|whether,descriptive,n/a,12,461
1360041,Don't swim in that pond.,,7097,pond,5,pond,direct-address,neutral,12,462
277295,The pond has frozen over.,,7097,pond,5,frozen,descriptive,n/a,12,462
495618,The stream flows into the pond.,,7097,pond,6,flows,descriptive,n/a,12,462
300575,He threw a stone into the pond.,,7097,pond,7,stone|threw,descriptive,n/a,12,462
45115,Swimming in the pond is dangerous.,,7097,pond,6,dangerous,descriptive,n/a,12,463
4500264,"Fortunately, nobody was injured.",,7161,fortunately,4,injured,descriptive,n/a,12,464
2663046,"Fortunately, I've solved your problem.",,7161,fortunately,5,solved,direct-address,neutral,12,465
264792,Sweep my room.,,7216,sweep,3,sweep,direct-address,informal,12,466
3649575,Sweep the floor.,,7216,sweep,3,floor|sweep|the,direct-address,neutral,12,466
5858534,I swept the floor.,,7521,swept,4,swept,descriptive,n/a,12,466
5858550,I've swept the floor.,,7521,swept,4,floor|i've|swept|the,descriptive,n/a,12,466
5859317,I sliced the apple.,,11708,sliced,4,apple|sliced,descriptive,n/a,12,467
311145,She made jam from the apples.,,7229,apples,6,apples,descriptive,n/a,12,467
325977,A tear ran down her cheek.,,7241,cheek,6,cheek|tear,descriptive,n/a,12,468
4265772,It was only a kiss on the cheek.,,7241,cheek,8,kiss,descriptive,n/a,12,468
887258,She kissed him on the cheek.,,7389,kissed,6,kissed,descriptive,n/a,12,468
1300342,My three-year-old niece kissed me on the cheek.,,8763,niece,10,niece,descriptive,n/a,12,468
288056,He read the letter with tears running down his cheeks.,,8701,cheeks,10,cheeks|letter|running|tears,descriptive,n/a,12,468
5852831,I'm a blogger.,,8384,blogger,3,blogger,descriptive,n/a,12,469
327941,He's a comedian.,,7248,comedian,3,comedian|he's,descriptive,n/a,12,469
5851815,I'm not a comedian.,,7248,comedian,4,a|comedian|i'm|not,descriptive,n/a,12,469
2240984,We're comedians.,,12611,comedians,2,comedians,descriptive,n/a,12,469
5483668,We're all taxpayers.,,8458,taxpayers,3,taxpayers,descriptive,n/a,12,469
2890426,Let's presume you're right.,,11105,presume,4,presume,direct-address,neutral,12,470
4501031,Three people are still missing and presumed dead.,,11106,presumed,8,dead|presumed,descriptive,n/a,12,470
2835615,They supposedly have reached a deal.,,7315,supposedly,6,deal|reached|supposedly,descriptive,n/a,12,470
2954525,You have a tendency to not pay attention.,,7317,tendency,8,attention|pay,direct-address,neutral,12,471
1304524,People have the tendency to speak more loudly when they get excited.,,9079,loudly,12,loudly,descriptive,n/a,12,471
4499172,That'll happen eventually.,,7318,that'll,3,that'll,descriptive,n/a,12,472
5899501,I love bargain sales.,,7344,bargain,4,sales,descriptive,n/a,12,473
2268750,These socks are a bargain.,,7344,bargain,5,socks,descriptive,n/a,12,473
4826286,You're in no position to bargain.,,7344,bargain,6,position,direct-address,neutral,12,473
56541,This dress is a good bargain.,,7344,bargain,6,dress,descriptive,n/a,12,473
2374692,I kept my end of the bargain.,,7344,bargain,7,end|kept,descriptive,n/a,12,473
5588047,I like bargaining.,,10807,bargaining,3,bargaining,descriptive,n/a,12,473
3728520,That's very elegant.,,7372,elegant,3,elegant,descriptive,n/a,12,474
5139832,That's not very elegant.,,7372,elegant,4,elegant|not|that's|very,descriptive,n/a,12,475
244291,Don't lose your purse.,,7409,purse,4,don't|lose|purse|your,direct-address,informal,12,476
3390665,Slip this into your purse.,,7409,purse,5,slip,direct-address,informal,12,477
313112,She found her purse under the desk.,,7409,purse,7,desk|under,descriptive,n/a,12,478
4300651,Mary placed her purse on the table.,,7409,purse,7,placed|table,descriptive,n/a,12,479
2953204,Mary opened her purse and looked around in it.,,7409,purse,9,opened,descriptive,n/a,12,480
2953215,Mary took a little mirror out of her purse and checked her hair and make-up.,,7409,purse,16,checked|hair|mirror,descriptive,n/a,12,481
2646222,What are your hobbies?,,11658,hobbies,4,hobbies,direct-address,neutral,12,482
5859815,I have many hobbies.,,11658,hobbies,4,have|hobbies|i|many,descriptive,n/a,12,482
1258647,My hobby is cooking.,,7470,hobby,4,cooking,descriptive,n/a,12,482
1258651,My hobby is reading.,,7470,hobby,4,reading,descriptive,n/a,12,482
251129,My hobby is collecting coins.,,7470,hobby,5,coins,descriptive,n/a,12,482
251134,My hobby is listening to music.,,7470,hobby,6,listening,descriptive,n/a,12,482
251147,My hobby is collecting stamps.,,7811,stamps,5,collecting|stamps,descriptive,n/a,12,482
1542552,It started as a hobby.,,7470,hobby,5,started,descriptive,n/a,12,482
286645,His hobby is painting pictures of flowers.,,7470,hobby,7,flowers|painting|pictures,descriptive,n/a,12,482
318909,My father's hobby is growing roses.,,7470,hobby,6,father's|growing,descriptive,n/a,12,482
1419656,My hobby is weight lifting.,,7470,hobby,5,lifting|weight,descriptive,n/a,12,482
251150,My hobby is making model planes.,,7470,hobby,6,model|planes,descriptive,n/a,12,483
1951603,I can't figure out your motives.,,9780,motives,6,figure,direct-address,neutral,12,484
3142952,Are you questioning my motives?,,9780,motives,5,motives|questioning,direct-address,neutral,12,484
2646743,What was your motive?,,7483,motive,4,motive,direct-address,neutral,12,484
1954614,I can't locate the source of the problem.,,7478,locate,8,locate|source,descriptive,n/a,12,484
1258676,He has trouble remembering names.,,7505,remembering,5,names|remembering,descriptive,n/a,12,485
2663241,I have trouble remembering names.,,7505,remembering,5,have|i|names|remembering|trouble,descriptive,n/a,12,486
x12_27,Me too — faces stick better for me.,,2516,faces,7,faces|stick,descriptive,n/a,12,486
5364215,Three crew members were rescued.,,7506,rescued,5,members|rescued,descriptive,n/a,12,487
2111680,I'm terrified.,,7523,terrified,2,terrified,descriptive,n/a,12,488
4496840,Everyone looked confused and terrified.,,7523,terrified,5,confused,descriptive,n/a,12,488
2111678,I'm thrilled.,,7525,thrilled,2,thrilled,descriptive,n/a,12,488
4499666,I'm thrilled the Giants won.,,7525,thrilled,5,giants,descriptive,n/a,12,488
1096443,I'd prefer to only hire people to translate into their native language.,,7628,translate,12,translate,descriptive,n/a,12,489
2011759,I don't want to impose.,,7676,impose,5,impose,descriptive,n/a,12,490
2360860,I hope I'm not imposing.,,9769,imposing,5,imposing,descriptive,n/a,12,490
65009,"Sorry to impose, but would you please open the window?",,7676,impose,10,sorry|window,direct-address,formal,12,490
2344382,I borrowed those comics from his sister.,,7740,borrowed,7,borrowed|sister,descriptive,n/a,12,491
2015295,You might want to glance at this.,,7762,glance,7,might,direct-address,neutral,12,492
291022,He stole a glance at the girl.,,7762,glance,7,girl|stole,descriptive,n/a,12,493
255483,I saw at a glance that he was an ordinary man.,,7762,glance,11,ordinary,descriptive,n/a,12,494
293838,He saw at a glance that his daughter had been crying.,,7762,glance,11,crying|daughter,descriptive,n/a,12,495
3651494,There's no shortage of work.,,7804,shortage,5,shortage,descriptive,n/a,12,496
243436,The trouble is that she lacks experience.,,8011,lacks,7,experience|lacks,descriptive,n/a,12,496
73261,"In 1994, there was a shortage of water and rice in Japan.",,7804,shortage,11,rice,descriptive,n/a,12,496
4502422,We have suppliers.,,7815,suppliers,3,suppliers,descriptive,n/a,12,497
5858074,I blamed myself.,,7841,blamed,3,blamed,descriptive,n/a,12,498
5620262,We'd be blamed for that if it happened.,,7841,blamed,8,we'd,descriptive,n/a,12,499
2241488,We were framed.,,7882,framed,3,framed,descriptive,n/a,12,500
2549779,I was framed.,,7882,framed,3,framed|i|was,descriptive,n/a,12,501
1486889,It's misleading.,,7901,misleading,2,misleading,descriptive,n/a,12,502
4500547,The title is misleading.,,7901,misleading,4,title,descriptive,n/a,12,502
2262861,It's all a terrible misunderstanding.,,10154,misunderstanding,5,terrible,descriptive,n/a,12,502
4135032,It's probably just a misunderstanding.,,10154,misunderstanding,5,probably,descriptive,n/a,12,502
240259,Thank you for clearing up the misunderstanding.,,10154,misunderstanding,7,clearing,direct-address,formal,12,502
4265173,Let's try to clear up this misunderstanding.,,10154,misunderstanding,7,clear,direct-address,neutral,12,502
2249759,Perhaps you misunderstood.,,11202,misunderstood,3,perhaps,direct-address,neutral,12,502
3822377,You must've misunderstood.,,12671,must've,3,must've,direct-address,neutral,12,502
2026874,I didn't want to risk a misunderstanding.,,10154,misunderstanding,7,risk,descriptive,n/a,12,502
5137550,There's obviously been some misunderstanding.,,10154,misunderstanding,5,obviously,descriptive,n/a,12,502
3820654,We hope to reopen soon.,,13486,reopen,5,reopen|soon,descriptive,n/a,12,503
2107679,We'll rebuild.,,7918,rebuild,2,rebuild,descriptive,n/a,12,503
5570989,We're going to rebuild this city.,,7918,rebuild,6,city,descriptive,n/a,12,503
4496248,It can be rebuilt.,,11110,rebuilt,4,rebuilt,descriptive,n/a,12,503
301094,He was exposed to many dangers.,,7979,dangers,6,dangers,descriptive,n/a,12,504
5850685,I felt excluded.,,7989,excluded,3,excluded|felt,descriptive,n/a,12,505
4498379,No one was excluded.,,7989,excluded,4,excluded|no|one|was,descriptive,n/a,12,506
293933,He is fond of swimming.,,7994,fond,5,fond|swimming,descriptive,n/a,12,507
301692,He is fond of fishing.,,7994,fond,5,fishing,descriptive,n/a,12,508
506101,I have fond memories of all the time we spent together.,,7994,fond,11,memories|spent|together,descriptive,n/a,12,509
413018,An old man was resting in the shade of the tree.,,8038,resting,11,resting|tree,descriptive,n/a,12,510
41244,Please stay seated until we reach the terminal.,,8043,seated,8,reach|seated|stay|until,direct-address,formal,12,511
2887705,You're such a gossip.,,8094,gossip,4,such,direct-address,informal,12,512
2245721,I don't gossip.,,8094,gossip,3,gossip,descriptive,n/a,12,512
2203564,You're vague.,,8259,vague,2,vague,direct-address,informal,12,512
2248898,It was vague.,,8259,vague,3,it|vague|was,descriptive,n/a,12,512
258413,I rented a house with a garage.,,8135,rented,7,rented,descriptive,n/a,12,513
953088,All the English teachers at my son's school are native speakers.,,8144,son's,11,son's|teachers,descriptive,n/a,12,514
19474,The milk turned sour.,,8145,sour,4,sour,descriptive,n/a,12,515
48718,The milk tastes sour.,,8145,sour,4,tastes,descriptive,n/a,12,515
49852,The milk tasted sour.,,10188,tasted,4,tasted,descriptive,n/a,12,515
2259515,These oranges are very sour.,,12305,oranges,5,oranges,descriptive,n/a,12,515
2245529,Grab a spoon.,,8146,spoon,3,spoon,direct-address,informal,12,516
307529,They dug a grave.,,8294,dug,4,dug,descriptive,n/a,12,517
53182,Have you dug up the potatoes?,,8294,dug,6,dug|have|potatoes|the|up|you,direct-address,neutral,12,518
594751,The color won't fade.,,8298,fade,4,color|fade,descriptive,n/a,12,519
4494488,Quantities are limited.,,8343,quantities,3,limited|quantities,descriptive,n/a,12,520
2954708,You should all be ashamed of yourselves.,,8371,yourselves,7,all|ashamed|be|of|should|you|yourselves,direct-address,neutral,12,521
953581,"I realize I may not be the most desirable man in the world, but I still hope you'll consider going out with me.",,8400,desirable,23,consider|desirable|hope|realize|world,direct-address,formal,12,522
4496786,It was incomplete.,,8424,incomplete,3,incomplete,descriptive,n/a,12,523
4496765,The directions seem incomplete.,,8424,incomplete,4,directions,descriptive,n/a,12,524
3633817,This cow is not branded.,,8480,branded,5,branded,descriptive,n/a,12,525
2057817,I don't blame you for hating me.,,8504,hating,7,hating,direct-address,neutral,12,526
5684127,I can't blame them for hating us.,,8504,hating,7,blame|can't|for|hating|i|them|us,descriptive,n/a,12,527
2276910,That doesn't seem very heroic.,,8506,heroic,5,heroic,descriptive,n/a,12,528
2359481,I haven't downloaded the files yet.,,8599,downloaded,6,downloaded,descriptive,n/a,12,529
2362154,I just downloaded a lot of files.,,8599,downloaded,7,a|downloaded|files|i|just|lot|of,descriptive,n/a,12,530
268646,Eating too much may lead to sickness.,,8664,sickness,7,eating|lead,descriptive,n/a,12,531
255384,I poured water into the bucket.,,8771,poured,6,poured,descriptive,n/a,12,532
496544,I poured some water in the bucket.,,8771,poured,7,bucket|i|in|poured|some|the|water,descriptive,n/a,12,533
3631601,Where can I buy bricks?,,8821,bricks,5,bricks,descriptive,n/a,12,534
2007777,Let's not spoil it.,,8897,spoil,4,spoil,direct-address,informal,12,535
245794,Don't spoil the children.,,8897,spoil,4,children|don't|spoil|the,direct-address,neutral,12,536
4502263,You've spoiled everything.,,8898,spoiled,3,spoiled,direct-address,informal,12,537
4487319,Stop acting like a spoiled child.,,8898,spoiled,6,acting,direct-address,informal,12,538
1495899,Don't disturb me.,,11770,disturb,3,disturb,direct-address,neutral,12,539
4450058,I won't disturb you.,,11770,disturb,4,disturb|i|won't|you,direct-address,neutral,12,539
416691,We disturbed him.,,8940,disturbed,3,disturbed,descriptive,n/a,12,539
2545941,I'm not to be disturbed.,,8940,disturbed,5,be|disturbed|i'm|not|to,descriptive,n/a,12,539
1894583,It's hopeless.,,10012,hopeless,2,hopeless,descriptive,n/a,12,540
4395351,The situation seemed hopeless.,,10012,hopeless,4,seemed,descriptive,n/a,12,540
4499412,That sounds hopeful.,,9068,hopeful,3,hopeful|sounds,descriptive,n/a,12,540
5469217,We're very hopeful.,,9068,hopeful,3,hopeful|very|we're,descriptive,n/a,12,540
1309444,He was imprisoned.,,9074,imprisoned,3,imprisoned,descriptive,n/a,12,541
318976,My father is sweeping the garage.,,9118,sweeping,6,sweeping,descriptive,n/a,12,542
501792,Stop biting your nails.,,9245,biting,4,biting,direct-address,informal,12,543
2546641,I'm afraid of drowning.,,9270,drowning,4,afraid|drowning|i'm|of,descriptive,n/a,12,544
3327618,Luckily nobody drowned.,,9637,drowned,3,luckily,descriptive,n/a,12,544
300670,He drowned in the river.,,9637,drowned,5,river,descriptive,n/a,12,544
1519849,The boy almost drowned.,,9637,drowned,4,boy,descriptive,n/a,12,544
4498197,"Three passengers were saved, but the remaining passengers drowned.",,9637,drowned,9,passengers|remaining,descriptive,n/a,12,544
1442274,She came close to drowning.,,9270,drowning,5,close,descriptive,n/a,12,545
26378,What do you call this insect in English?,,9408,insect,8,insect,direct-address,neutral,12,546
325925,I got a lot of insect bites in the woods.,,9408,insect,10,bites|woods,descriptive,n/a,12,547
3826978,I've always dreamed of living abroad.,,9506,dreamed,6,dreamed|living,descriptive,n/a,12,548
483667,I never dreamed that I would win first prize.,,9506,dreamed,9,first,descriptive,n/a,12,548
5045679,I'm thinking of switching majors.,,9535,majors,5,majors|switching|thinking,descriptive,n/a,12,549
5859868,I could've drowned.,,9637,drowned,3,could've,descriptive,n/a,12,550
4789659,"If my brother hadn't saved me, I would've drowned.",,9637,drowned,9,hadn't,descriptive,n/a,12,551
43945,I copied a passage from the book into my notebook.,,9672,notebook,10,copied|notebook,descriptive,n/a,12,552
49429,The music faded away.,,9756,faded,4,faded,descriptive,n/a,12,553
878651,The light faded out.,,9756,faded,4,light,descriptive,n/a,12,554
2249205,It's really classy.,,9853,classy,3,classy,descriptive,n/a,12,555
6099381,The natives are scared of this place.,,9903,natives,7,natives,descriptive,n/a,12,556
2111813,How thrilling!,,11246,thrilling,2,thrilling,descriptive,n/a,12,557
2248888,It was thrilling.,,11246,thrilling,3,it|thrilling|was,descriptive,n/a,12,557
2649007,It was a thrill.,,9944,thrill,4,thrill,descriptive,n/a,12,557
2111387,That's unreal.,,11492,unreal,2,unreal,descriptive,n/a,12,557
2203536,You're unreal.,,11492,unreal,2,unreal|you're,direct-address,neutral,12,557
2111958,Be respectful.,,10053,respectful,2,respectful,direct-address,neutral,12,557
4501795,They were very respectful.,,10053,respectful,4,respectful|they|very|were,descriptive,n/a,12,557
5916079,I think I look respectable.,,10052,respectable,5,respectable,descriptive,n/a,12,557
2111794,I tripped.,,13402,tripped,2,tripped,descriptive,n/a,12,558
3734337,One of the youngsters tripped and fell.,,13402,tripped,7,youngsters,descriptive,n/a,12,558
259583,I tore my jacket on a nail.,,10081,tore,7,jacket|tore,descriptive,n/a,12,558
682141,I tore a hole in my jeans when I fell off my bike.,,10081,tore,13,bike|hole,descriptive,n/a,12,558
2233701,This is irregular.,,10145,irregular,3,irregular,descriptive,n/a,12,559
1935310,This is highly irregular.,,10145,irregular,4,highly|irregular|is|this,descriptive,n/a,12,559
3822878,I'll do it manually.,,10151,manually,4,manually,descriptive,n/a,12,560
2543662,I'll have to do it manually.,,10151,manually,6,do|have|i'll|it|manually|to,descriptive,n/a,12,561
299753,He abuses his authority.,,10207,abuses,4,abuses,descriptive,n/a,12,562
48823,The machine was coated with dust.,,10226,coated,6,coated|dust|machine,descriptive,n/a,12,563
2331729,I had some trouble figuring out the answer.,,10238,figuring,8,answer|figuring,descriptive,n/a,12,564
5684375,I've simplified it a bit.,,10294,simplified,5,bit|simplified,descriptive,n/a,12,565
5683558,I've simplified it a little bit.,,10294,simplified,6,a|bit|i've|it|little|simplified,descriptive,n/a,12,566
3593455,The garage is dusty.,,10462,dusty,4,dusty|garage|is|the,descriptive,n/a,12,567
2275359,Don't wander off like that.,,10555,wander,5,wander,direct-address,informal,12,568
326518,The story wandered.,,13054,wandered,3,wandered,descriptive,n/a,12,568
2330076,I guess my mind wandered.,,13054,wandered,5,guess,descriptive,n/a,12,568
999044,"I was bored, so I wandered around town.",,13054,wandered,8,bored,descriptive,n/a,12,568
3444531,You and I are fairly evenly matched.,,10711,evenly,7,evenly|matched,descriptive,n/a,12,569
2268549,The station was deserted.,,10834,deserted,4,station,descriptive,n/a,12,570
2546465,The rooms are deserted.,,10834,deserted,4,rooms,descriptive,n/a,12,571
68741,That house appears deserted.,,10834,deserted,4,appears,descriptive,n/a,12,572
4853386,The place is apparently deserted.,,10834,deserted,5,apparently,descriptive,n/a,12,573
1244973,I liked walking alone on the deserted beach.,,10834,deserted,8,alone|beach|liked,descriptive,n/a,12,574
4380372,"If you had to go live on a deserted island and could only take one book with you, which one would you choose?",,10834,deserted,23,choose|island,direct-address,neutral,12,575
262607,Our teacher seldom laughs.,,10995,seldom,4,laughs,descriptive,n/a,12,576
5850830,I seldom win arguments.,,10995,seldom,4,arguments,descriptive,n/a,12,577
5852073,I seldom eat meat.,,10995,seldom,4,meat,descriptive,n/a,12,578
279996,We seldom have snow here.,,10995,seldom,5,snow,descriptive,n/a,12,579
5850273,I seldom use power tools.,,10995,seldom,5,tools,descriptive,n/a,12,580
5851655,I seldom wear a hat.,,10995,seldom,5,hat|wear,descriptive,n/a,12,581
1469946,I seldom listen to the radio.,,10995,seldom,6,radio,descriptive,n/a,12,582
3822202,I seldom go to the movies.,,10995,seldom,6,movies,descriptive,n/a,12,583
251862,My mother seldom watches TV at night.,,10995,seldom,7,watches,descriptive,n/a,12,584
1408627,Some people seldom speak unless they're spoken to.,,10995,seldom,8,unless,descriptive,n/a,12,585
5852959,I have dozens of apps on my phone that I seldom use.,,10995,seldom,12,apps|dozens|phone,descriptive,n/a,12,586
4529721,We're not abusing the system.,,11019,abusing,5,abusing|system,descriptive,n/a,12,587
3772728,The air seems damp.,,11043,damp,4,air|damp,descriptive,n/a,12,588
61055,The sheets feel damp.,,11043,damp,4,feel|sheets,descriptive,n/a,12,589
3202664,Everybody's told me I can't trust you.,,11060,everybody's,7,can't|everybody's|i|me|told|trust|you,direct-address,neutral,12,590
2640803,Be careful not to step on the dog's tail.,,11165,dog's,9,dog's|step,direct-address,neutral,12,591
2929271,Your children are remarkably well-behaved.,,11384,behaved,6,behaved|remarkably,direct-address,formal,12,592
x12_33,Thank you — they try their best.,,309,thank,6,thank|try,direct-address,neutral,12,592
3131670,Aren't you ashamed of the way you behaved?,,11384,behaved,8,way,direct-address,neutral,12,593
2006461,It's priceless.,,11575,priceless,2,priceless,descriptive,n/a,12,594
2233724,This is priceless.,,11575,priceless,3,is|priceless|this,descriptive,n/a,12,595
3824802,Now everything's exposed.,,11777,everything's,3,everything's,descriptive,n/a,12,596
5858261,I'm a biologist.,,14173,biologist,3,biologist,descriptive,n/a,12,597
300507,He is a biologist.,,14173,biologist,4,a|biologist|he|is,descriptive,n/a,12,597
5858257,I'm a programmer.,,11822,programmer,3,programmer,descriptive,n/a,12,597
3821348,I want to be a programmer.,,11822,programmer,6,a|be|i|programmer|to|want,descriptive,n/a,12,597
1035177,He blames his failure on bad luck.,,11868,blames,7,failure|luck,descriptive,n/a,12,598
4663460,There's a convertible parked in the drive.,,11890,convertible,7,parked,descriptive,n/a,12,599
1426429,I'd like to drive across the USA in a convertible.,,11890,convertible,10,usa,descriptive,n/a,12,600
326126,History repeats itself.,,11949,repeats,3,repeats,descriptive,n/a,12,601
x12_15,That's why we study it.,,544,study,5,why|study,descriptive,n/a,12,601
4501735,Sometimes history repeats itself.,,11949,repeats,4,sometimes,descriptive,n/a,12,602
1389751,I need an interpreter.,,12035,interpreter,4,interpreter,descriptive,n/a,12,603
49159,I acted as interpreter at the meeting.,,12035,interpreter,7,acted,descriptive,n/a,12,603
2242988,They're murderers.,,12174,murderers,2,murderers,descriptive,n/a,12,604
3374765,There's a footprint.,,12276,footprint,3,footprint,descriptive,n/a,12,605
271932,Read it aloud.,,12358,aloud,3,aloud,direct-address,neutral,12,606
2450035,Read the story aloud.,,12358,aloud,4,story,direct-address,neutral,12,606
325711,My parents objected to my studying abroad.,,12541,objected,7,objected,descriptive,n/a,12,607
1163545,I was bitten by a lot of insects in the forest.,,12596,bitten,11,bitten|forest,descriptive,n/a,12,608
2713373,I'm a fairly fast swimmer.,,12701,swimmer,5,swimmer,descriptive,n/a,12,609
249873,I have a friend whose wife is a pianist.,,12792,pianist,9,friend|pianist|whose|wife,descriptive,n/a,12,610
29071,I have a friend whose father is a famous pianist.,,12792,pianist,10,a|famous|father|friend|have|i|is|pianist|whose,descriptive,n/a,12,611
6104472,The light temporarily blinded me.,,12851,blinded,5,blinded,descriptive,n/a,12,612
283704,The evening he died was stormy.,,13044,stormy,6,evening,descriptive,n/a,12,613
625185,It was a dark and stormy night.,,13044,stormy,7,dark,descriptive,n/a,12,613
238871,Monday is my busiest day.,,13419,busiest,5,busiest,descriptive,n/a,12,614
321180,The busiest men find the most time.,,13419,busiest,7,men,descriptive,n/a,12,614
5679186,Christmas is our busiest time of the year.,,13419,busiest,8,christmas,descriptive,n/a,12,614
60160,This house is very spacious.,,13609,spacious,5,spacious,descriptive,n/a,12,615
6123073,I'm sure the police will eventually catch the robber.,,13818,robber,9,robber,descriptive,n/a,12,616
x12_21,I wouldn't be so sure.,,675,wouldn't,5,wouldn't|sure,descriptive,n/a,12,616
3114151,I can't believe you're capable of harming anyone.,,14102,harming,8,capable|harming,direct-address,neutral,12,617
2396260,It's far-fetched.,,14201,fetched,3,far|fetched,descriptive,n/a,12,618
2541126,Have you read the owner's manual?,,14348,owner's,6,owner's,direct-address,neutral,12,619
2954171,What's your most prized possession?,,14359,prized,5,possession|prized,direct-address,neutral,12,620
1480087,My father spoils me.,,14487,spoils,4,spoils,descriptive,n/a,12,621
279007,The store needs more clerks to wait on customers.,,14600,clerks,9,clerks|customers|store|wait,descriptive,n/a,12,622
324041,The roads were very muddy since it had rained during the night.,,14652,rained,12,rained|roads,descriptive,n/a,12,623
2248666,Isn't it sickening?,,14662,sickening,3,sickening,direct-address,neutral,12,624
4495118,This is sickening.,,14662,sickening,3,is|sickening|this,descriptive,n/a,12,625
3728238,You gave me a fright.,,14724,fright,5,fright|gave,direct-address,neutral,12,626
243977,"I had stage fright at first, but I got over it quickly.",,14724,fright,12,stage,descriptive,n/a,12,627
5938410,I tightened the nuts.,,14870,tightened,4,tightened,descriptive,n/a,12,628
